ID,Species,Country,Province/region,URL
1,Aardvark,South Africa,Northern Cape,https://www.instagram.com/p/zRwPAErn3y/
2,Aardvark,South Africa,Northern Cape,https://www.instagram.com/p/7nD-X6rn2K/
3,Aardvark,South Africa,Northern Cape,https://www.instagram.com/p/BHunhcrhWeN/
4,Aardvark,South Africa,Northern Cape,https://www.instagram.com/p/BRFq989DWkM/
5,Aardvark,South Africa,Northern Cape,https://www.instagram.com/p/BVB8JbgjMnZ/
6,Aardvark,South Africa,Northern Cape,https://www.instagram.com/p/BgYQ66xFFrR/
7,Aardvark,South Africa,Northern Cape,https://www.instagram.com/p/BjwTzmFHPpd/
8,Aardvark,South Africa,Northern Cape,https://www.instagram.com/p/BndWK42niiU/
9,Aardvark,South Africa,Northern Cape,https://www.instagram.com/p/Bz2fMieAWDY/
10,Aardvark,South Africa,Northern Cape,https://www.instagram.com/p/B0TEHl_g8e_/
11,Aardvark,South Africa,Northern Cape,https://www.instagram.com/p/B00KdyBAhcF/
12,Aardvark,South Africa,Northern Cape,https://www.instagram.com/p/Bjl1S1pnAYO/
13,Aardvark,South Africa,Northern Cape,https://www.instagram.com/p/BpE7YoEHEqc/
14,Aardvark,South Africa,Northern Cape,https://www.instagram.com/p/Bo-49ExH3Iz/
15,Aardvark,South Africa,northern cape,https://www.instagram.com/p/Bo9d0f0nxNN/
16,Aardvark,South Africa,Northern Cape,https://www.instagram.com/p/BpGuILSHtc_/
17,Aardvark,South Africa,Northern Cape,https://www.instagram.com/p/BF1BekOHiB_/
18,Aardvark,South Africa,Northern Cape,https://www.instagram.com/p/27tFyWRR6a/
19,Aardvark,South Africa,Northern Cape,https://www.instagram.com/p/BIX4XQxB_gF/
20,Aardvark,South Africa,Northern Cape,https://www.instagram.com/p/BHhysm-hvMM/
21,Aardvark,South Africa,Northern Cape,https://www.instagram.com/p/BJQlgh4BLnX/
22,Aardvark,South Africa,Northern Cape,https://www.instagram.com/p/BHcbn8rAANN/
23,Aardvark,South Africa,Northern Cape,https://www.instagram.com/p/BH_8TYEg7po/
24,Aardvark,South Africa,Northern Cape,https://www.instagram.com/p/BjX2jSDH-8K/
25,Aardvark,South Africa,Northern Cape,https://www.instagram.com/p/Ba8aPYdjyRb/
26,Aardvark,South Africa,Northern Cape,https://www.instagram.com/p/BMMb9G0g0M_/
27,Aardvark,South Africa,Northern Cape,https://www.instagram.com/p/BO47V0WACaC/
28,Aardvark,South Africa,Northern Cape,https://www.instagram.com/p/BPAzoz-DmY1/
29,Aardvark,South Africa,Northern Cape,https://www.instagram.com/p/BG8ZjwfRo7T/
30,Aardvark,South Africa,Northern Cape,https://www.instagram.com/p/BYGvU0HH4Vi/
31,Aardvark,South Africa,Northern Cape,https://www.instagram.com/p/BYY3z6_n_uF/
32,Aardvark,South Africa,Northern Cape,https://www.instagram.com/p/rTJgCUpYzH/
33,Aardvark,South Africa,Northern Cape,Missing
34,Aardvark,South Africa,Northern Cape,https://www.instagram.com/p/BbzeAlKn5bU/
35,Aardvark,South Africa,Northern Cape,https://www.instagram.com/p/BjsgNqUBrzK/
36,Aardvark,South Africa,Northern Cape,https://www.instagram.com/p/BkiXbY9hxZQ/
37,Aardvark,South Africa,Northern Cape,https://www.instagram.com/p/BppUVL8gBug/
38,Aardvark,South Africa,Northern Cape,https://www.instagram.com/p/Bjcq8Ponh-Z/
39,Aardvark,South Africa,Northern Cape,https://www.instagram.com/p/BwfOaOlhHXp/
40,Aardvark,South Africa,Northern Cape,https://www.instagram.com/p/BwfOaOlhHXp/
41,Aardvark,South Africa,Northern Cape,https://www.instagram.com/p/Bz8pYTcA6lv/
42,Aardvark,South Africa,Northern Cape,https://www.instagram.com/p/B0DteoeA6-w/
43,Aardvark,South Africa,Northern Cape,https://www.instagram.com/p/Bzs8rymHQU_/
44,Aardvark,South Africa,Northern Cape,https://web.facebook.com/PhilWestSafaris/photos/a.253003524811963/874815625964080
45,Aardvark,South Africa,Northern Cape,https://web.facebook.com/AdventuresInMargaritavilleMarlisTravelsThroughLife/photos/a.335280816604315/335493299916400
46,Aardvark,South Africa,Northern Cape,https://www.instagram.com/p/B0X-Y7RncE1/
47,Aardvark,South Africa,Northern Cape,https://www.instagram.com/p/B1MVdAfpHbS/
48,Aardvark,South Africa,Northern Cape,https://www.instagram.com/p/B3cUs-4H4L-/
49,Aardvark,South Africa,Northern Cape,https://www.instagram.com/p/B58HDIYJYVK/
50,Aardvark,South Africa,Northern Cape,https://www.instagram.com/p/B6iogPjJja6/
51,Aardvark,South Africa,Northern Cape,https://www.instagram.com/p/Brk0uvgA0CV/
52,Aardvark,South Africa,Northern Cape,https://www.instagram.com/p/4gDbzmreeX/
53,Aardvark,South Africa,Northern Cape,https://www.instagram.com/p/4j8c93redi/
54,Aardvark,South Africa,Northern Cape,https://www.instagram.com/p/4vt5G7Lebs/
55,Aardvark,South Africa,Northern Cape,https://www.instagram.com/p/5NStlkreQq/
56,Aardvark,South Africa,Northern Cape,https://www.instagram.com/p/6C53c3reX8/
57,Aardvark,South Africa,Northern Cape,https://www.instagram.com/p/8gNt4wLefI/
58,Aardvark,South Africa,Northern Cape,https://www.instagram.com/p/BFlWKivreWz/
59,Aardvark,South Africa,Northern Cape,https://www.instagram.com/p/BHThhPbhkH0/
60,Aardvark,South Africa,Northern Cape,https://www.instagram.com/p/BIMNXqhjJFe/
61,Aardvark,South Africa,Northern Cape,https://www.instagram.com/p/BItuaoZDsmK/
62,Aardvark,South Africa,Northern Cape,https://www.instagram.com/p/BKX9Xg8BDUR/
63,Aardvark,South Africa,Northern Cape,https://www.instagram.com/p/BKkJgSqBKD8/
64,Aardvark,South Africa,Northern Cape,https://www.instagram.com/p/BUzg2dOBspO/
65,Aardvark,South Africa,Northern Cape,https://www.instagram.com/p/BgbLKgoAl0V/
66,Aardvark,South Africa,Northern Cape,https://www.instagram.com/p/B5v6YgGgb5x/
67,Aardvark,South Africa,Northern Cape,https://www.instagram.com/p/BFoALsXKCRD/
68,Aardvark,South Africa,Northern Cape,https://www.instagram.com/p/ByHcikNHmzZ/
69,Aardvark,South Africa,Northern Cape,https://www.instagram.com/p/B12sLtpHOsO/
70,Aardvark,South Africa,Northern Cape,https://www.instagram.com/p/BUo1Zb8gNOx/
71,Aardvark,South Africa,Northern Cape,https://www.instagram.com/p/BxemxIxJ7Z2/
72,Aardvark,South Africa,Northern Cape,https://www.instagram.com/p/By8XucqH3y-/
73,Aardvark,South Africa,Northern Cape,https://www.instagram.com/p/ByS3I-0nvx-/
74,Aardvark,South Africa,Northern Cape,https://www.instagram.com/p/BkeOnWbHNJS/
75,Aardvark,South Africa,Northern Cape,https://www.instagram.com/p/BlIdV2dAk0c/
76,Aardvark,South Africa,Northern Cape,https://www.instagram.com/p/BnbxBGDFXeF/
77,Aardvark,South Africa,Northern Cape,https://www.instagram.com/p/B0yyJ4vl-Yb/
78,Aardvark,South Africa,Northern Cape,https://www.instagram.com/p/qvmOGGlA2o/
79,Aardvark,South Africa,Northern Cape,https://www.instagram.com/p/4TM4T7lA3s/
80,Aardvark,South Africa,Northern Cape,https://www.instagram.com/p/4tlTVZlA6t/
81,Aardvark,South Africa,Northern Cape,https://www.instagram.com/p/59jKwsFA9s/
82,Aardvark,South Africa,Northern Cape,https://www.instagram.com/p/BHaBCaajWk-/
83,Aardvark,South Africa,Northern Cape,https://www.instagram.com/p/B0TXp51nxY8/
84,Aardvark,South Africa,Northern Cape,https://www.instagram.com/p/BkkZaLHAuRk/
85,Aardvark,South Africa,Northern Cape,https://www.instagram.com/p/5ZTp6kiP3q/
86,Aardvark,South Africa,Northern Cape,https://www.instagram.com/p/-lvCrNiP5o/
87,Aardvark,South Africa,Northern Cape,https://www.instagram.com/p/BBcF7VKCP7O/
88,Aardvark,South Africa,Northern Cape,https://www.instagram.com/p/BhBBoH6BQ4K/
89,Aardvark,South Africa,Northern Cape,https://www.instagram.com/p/Bnu607engmE/
90,Aardvark,South Africa,Northern Cape,https://www.instagram.com/p/B52iOYnAaHd/
91,Aardvark,South Africa,Northern Cape,https://web.facebook.com/WimVorsterPhotography/photos/a.10151587589214045/10151844589179045/?type=3&theater
92,Aardvark,South Africa,Northern Cape,https://web.facebook.com/WimVorsterPhotography/photos/a.10151587589214045/10151828508639045/?type=3&theater
93,Aardvark,South Africa,Northern Cape,https://web.facebook.com/WimVorsterPhotography/photos/a.10151587589214045/10153683206429045/?type=3&theater
94,Aardvark,South Africa,Northern Cape,https://web.facebook.com/WimVorsterPhotography/photos/a.10151587589214045/10156800992249045/?type=3&theater
95,Aardvark,South Africa,Northern Cape,Missing
96,Aardvark,South Africa,Northern Cape,https://www.instagram.com/p/BYMBXrJBR2hw6sgjB1uwR2ZbuSxkUYJGHP3AT00/
97,Aardvark,South Africa,Northern Cape,Missing
98,Aardvark,South Africa,Northern Cape,https://web.facebook.com/503270146361779/photos/a.503295119692615/610827318939394/?type=3&theater
99,Aardvark,South Africa,Northern Cape,https://web.facebook.com/TswaluKalahari/photos/a.174735242564934/189603294411462/?type=3&theater
100,Aardvark,South Africa,Northern Cape,https://web.facebook.com/TswaluKalahari/photos/a.211236615581463/211237162248075/?type=3&theater
101,Aardvark,South Africa,Northern Cape,https://web.facebook.com/TswaluKalahari/photos/a.174735242564934/232997840072007/?type=3&theater
102,Aardvark,South Africa,Northern Cape,https://web.facebook.com/TswaluKalahari/photos/a.174735242564934/243378325700625/?type=3&theater
103,Aardvark,South Africa,Northern Cape,https://www.facebook.com/TswaluKalahariReserve/photos/a.559975474040907/559976857374102
104,Aardvark,South Africa,Northern Cape,https://web.facebook.com/TswaluKalahari/photos/a.174735242564934/473706542667801/?type=3&theater
105,Aardvark,South Africa,Northern Cape,https://www.instagram.com/p/Bzc6f7jAqFh/
106,Aardvark,South Africa,Northern Cape,https://www.instagram.com/p/BIrIGZcgVvl/
107,Aardvark,South Africa,Northern Cape,https://www.instagram.com/p/B3C_YxWhsKb/
108,Aardvark,South Africa,Northern Cape,https://www.instagram.com/p/B3JWSUghJ2l/
109,Aardvark,South Africa,Northern Cape,https://www.instagram.com/p/B1Q7m3_gFB1/
110,Aardvark,South Africa,Northern Cape,https://www.instagram.com/p/B3FsJ93pHLv/
111,Aardvark,South Africa,Northern Cape,https://www.facebook.com/photo?fbid=10155632006605949&set=pb.552555948.-2207520000..
112,Aardvark,South Africa,Northern Cape,https://www.instagram.com/p/B1ZeJ30gaO0/
113,Aardvark,South Africa,Northern Cape,https://www.instagram.com/p/B4FjTstAE8_/
114,Aardvark,South Africa,Northern Cape,https://www.instagram.com/p/46rbWLsRRd/
115,Aardvark,South Africa,Northern Cape,https://www.instagram.com/p/B5fcB4QA77k/
116,Aardvark,South Africa,Northern Cape,https://www.instagram.com/p/B1NjYpTg2do/
117,Aardvark,South Africa,Northern Cape,https://www.instagram.com/p/B1EHryXAnSK/
118,Aardvark,South Africa,Northern Cape,https://www.instagram.com/p/B1Mz_6VgZ4j/
119,Aardvark,South Africa,Northern Cape,https://web.facebook.com/photo.php?fbid=675344606147842&set=pb.100010169267235.-2207520000..&type=3
120,Aardvark,South Africa,Northern Cape,https://www.instagram.com/p/Byz8mDLAdyP/
121,Aardvark,South Africa,Northern Cape,https://www.instagram.com/p/Bx0CA1VAwTI/
122,Aardvark,South Africa,Northern Cape,https://www.instagram.com/p/BWvSZy9hH9p/
123,Aardvark,South Africa,Northern Cape,https://www.instagram.com/p/Byz1ZcvAT7t/
124,Aardvark,South Africa,Northern Cape,https://www.instagram.com/p/B1glKppnQw4/
125,Aardvark,South Africa,Northern Cape,Missing
126,Aardvark,South Africa,Northern Cape,Missing
127,Aardvark,South Africa,Northern Cape,https://www.instagram.com/p/BlVRtTrF7ya/
128,Aardvark,South Africa,Northern Cape,https://www.instagram.com/p/BlI_9VQnWre/
129,Aardvark,South Africa,Northern Cape,https://www.instagram.com/p/Blm1Nh7FMsj/
130,Aardvark,South Africa,Northern Cape,https://www.instagram.com/p/BGvzD5-vd67/
131,Aardvark,South Africa,Northern Cape,https://www.instagram.com/p/BD2gOWiIMUn/
132,Aardvark,South Africa,Northern Cape,https://www.instagram.com/p/-f5bypIMS6/
133,Aardvark,South Africa,Northern Cape,https://www.instagram.com/p/Bz2OLuwlqxd/
134,Aardvark,South Africa,Northern Cape,https://web.facebook.com/photo/?fbid=10200179537516539&set=a.10200177580667619
135,Aardvark,South Africa,Northern Cape,https://www.instagram.com/p/BFwBO5-nDHX/
136,Aardvark,South Africa,Northern Cape,https://www.instagram.com/p/B6JNXaOl26O/
137,Aardvark,South Africa,Northern Cape,https://www.instagram.com/p/46rbWLsRRd/
138,Aardvark,South Africa,Northern Cape,Missing
139,Aardvark,South Africa,Northern Cape,https://www.instagram.com/p/ByfQGe0ADVP/
140,Aardvark,South Africa,Northern Cape,https://www.instagram.com/p/B1Tul8xgYLd/
141,Aardvark,South Africa,Northern Cape,https://www.instagram.com/p/BzKSv6zAUXN/
142,Aardvark,South Africa,Northern Cape,https://www.instagram.com/p/BLB7CIkD2og/
143,Aardvark,South Africa,Northern Cape,https://www.instagram.com/p/BHIG3AABxig/
144,Aardvark,South Africa,Northern Cape,https://web.facebook.com/bukelaafricasafaris/photos/468212669923986
145,Aardvark,South Africa,Northern Cape,https://web.facebook.com/bukelaafricasafaris/photos/354480044630583
146,Aardvark,South Africa,Northern Cape,https://web.facebook.com/TswaluKalahariReserve/photos/a.174735242564934/791897060848746
147,Aardvark,South Africa,Northern Cape,https://www.facebook.com/photo?fbid=678088045733940&set=gm.1470358393029667
148,Aardvark,South Africa,Northern Cape,https://www.facebook.com/photo?fbid=10155325951513750&set=gm.1419194791479361
149,Aardvark,South Africa,Northern Cape,https://www.facebook.com/photo?fbid=2275981462509698&set=gm.2429495723782591
150,Aardvark,South Africa,Northern Cape,https://web.facebook.com/photo/?fbid=10159388082665542&set=gm.1565297786869060
151,Aardvark,South Africa,Northern Cape,https://web.facebook.com/photo/?fbid=3889869399793&set=gm.433229760057262
152,Aardvark,South Africa,Northern Cape,https://web.facebook.com/kalaharitrails/photos/a.304208606311838/554106361322060
153,Aardvark,South Africa,Northern Cape,https://web.facebook.com/photo/?fbid=678088045733940&set=gm.1470358393029667
154,Aardvark,South Africa,Northern Cape,https://web.facebook.com/photo/?fbid=268468286558591&set=a.104963979575690
155,Aardvark,South Africa,Northern Cape,https://www.facebook.com/photo.php?fbid=1708596155893499&set=pb.100002293935898.-2207520000..&type=3
156,Aardvark,South Africa,Northern Cape,https://web.facebook.com/photo/?fbid=10213817337497251&set=a.1159357793742
157,Aardvark,South Africa,Northern Cape,https://www.instagram.com/p/BdrOtl-Duxn/
158,Aardvark,South Africa,Northern Cape,https://www.instagram.com/p/BX1IcVrF1uR/
159,Aardvark,South Africa,Northern Cape,Missing
160,Aardvark,South Africa,Northern Cape,https://www.instagram.com/p/B4_7P2NlJ3W/
161,Aardvark,South Africa,Northern Cape,https://www.instagram.com/p/BYF2TmhBInF/
162,Aardvark,South Africa,Northern Cape,https://web.facebook.com/rockjumperbirding/photos/a.547552951976588/547553055309911
163,Aardvark,South Africa,Northern Cape,https://web.facebook.com/rockjumperbirding/photos/a.156184391113448/403285536403331
164,Aardvark,South Africa,Northern Cape,https://web.facebook.com/photo/?fbid=1161129257237006&set=pcb.865250220197481
165,Aardvark,South Africa,Northern Cape,https://web.facebook.com/carsten.schradin/videos/852135531469715
166,Aardvark,South Africa,Northern Cape,https://web.facebook.com/photo?fbid=888964164453518&set=pcb.675324735856698
167,Aardvark,South Africa,Northern Cape,https://web.facebook.com/photo/?fbid=10154492377586018&set=a.10154540032436018
168,Aardvark,South Africa,Northern Cape,Missing
169,Aardvark,South Africa,Northern Cape,https://web.facebook.com/photo/?fbid=514795465228596&set=gm.514730218573882
170,Aardvark,South Africa,Northern Cape,https://www.instagram.com/p/BmIW2Rsn7qt/
171,Aardvark,South Africa,Northern Cape,https://www.instagram.com/p/Bli6aI3lRWO/
172,Aardvark,South Africa,Northern Cape,https://web.facebook.com/photo/?fbid=10153925419417125&set=basw.Abq0cpiARBeGsWii_9qQGreUz-z21fuCAvhpA-siH9mRnOGb2d-wX0CpJ5nTgo8yPyZvLydqnWhQ_hTQYAn0Ah6e9FdibOMt7duifAYMJR8rlc5oCG3Xugh8vIiAPT4-z52PvOD1SZDPzw3-W-zAKmSE7iwLSFV5OuFj75SWa4WBYw&opaqueCursor=Abq_nnnJkYdDi9zM7qhlT1sAZjgmAoRYcqd-bvfHAtFP0z5V201ztj90ccS3PeWpzcy2dEwZyt2WxVnCwUsPRmvOKttQNkzpMKamtTunmoc9nAKO8pamWA04lZo28DptjNTv9gMOH9KX_klRIMidk-ht9TrRKA402Iczk0mWxQAegJQVCEwvA6JJYdgHW9BMW8-8QiOQb71TDSq3Q8Okoj6GjJt2PlYKW-EuEsN34S7Sc7ov5-Mj---gZRPtWWJQwZwgW7miCk1I0KhElpiLanhm4YLaSQtSpTshP1Khi1ZQgeM_UqSubs2Nq7QvXD86LxDS7pEt0FiMwAPod8IesBp_518ZWRPk6hMsxMsljneMUz5DM__XHcd6gAzh5TgJLUXgftld8e5sErq4EuL8W1P6jeeHYKPEQXTwg2GKjrHZgObhcSUq-bBLN9HItcNxtarIqTr9H0xeRPweN-xWENeMKstSFc6Fd5BwHTsBjsOsq2m17SRpdoOqw5jfJ7kjKGYMij279hoREkLwDAfalPeaX4XoawN2wfpZ4qArYtknD7dSvVnfln4acS_O_Uj9qVESbdDRk-4ntzfV0yPyHrwlOum15_7Fu_fSEoMAvoNW7V7dNA5zCXC4jK3yIDfBw79ewfs_FTWGGOoTRFpqGp5WGcefgMyD4EGrk2kuwgbm3zLnnkfZkKTadbleAs8zIPXsbTxIyrh03d35w62yCn3USICAXxsoTofq2TnDUQ9TVVxp9lBbyilD0TSXFKrT5n8kKckHdLxFcMMJUnHYvLGINUMFPqpjUi0N5Gc0TvorBQ
173,Aardvark,South Africa,Northern Cape,Missing
174,Aardvark,South Africa,Northern Cape,https://www.instagram.com/p/BLQSIKWArid/
175,Aardvark,South Africa,Northern Cape,https://www.facebook.com/photo?fbid=10219811791674962&set=gm.2381488908583273
176,Aardvark,South Africa,Northern Cape,https://www.instagram.com/p/B1BLPD_pULU/
177,Aardvark,South Africa,Northern Cape,Missing
178,Aardvark,South Africa,Northern Cape,Missing
179,Aardvark,South Africa,Northern Cape,https://www.instagram.com/p/BXTJkAxBqwu/
180,Aardvark,South Africa,Northern Cape,https://www.facebook.com/sjoerdvbh/photos/2661660893880128
181,Aardvark,South Africa,Northern Cape,https://www.instagram.com/p/BhxsGnmgnJP/
182,Aardvark,South Africa,Northern Cape,https://web.facebook.com/roylesafaris7/videos/1242366555791128
183,Aardvark,South Africa,Northern Cape,https://web.facebook.com/fabiangieskephotography/photos/a.405642196213274/773642502746573
184,Aardvark,South Africa,Northern Cape,https://www.facebook.com/LatestSightingsKgalagadi/posts/1867132870098616
185,Aardvark,South Africa,Northern Cape,https://www.facebook.com/SANParksHonoraryRangers/photos/a.671259476222931/671259486222930
186,Aardvark,South Africa,Northern Cape,https://www.instagram.com/p/Ba4WbS6gyJb/
187,Aardvark,South Africa,Northern Cape,https://www.instagram.com/p/BjXBSP_DcA8/
188,Aardvark,South Africa,Northern Cape,https://www.facebook.com/photo?fbid=2589908167732978&set=pcb.2479905485408281
189,Aardvark,South Africa,Northern Cape,https://web.facebook.com/photo?fbid=924566964336181&set=a.924566841002860
190,Aardvark,South Africa,Northern Cape,Missing
191,Aardvark,South Africa,Northern Cape,https://www.instagram.com/p/BhvyYDygzCw/
192,Aardvark,South Africa,Northern Cape,https://www.instagram.com/p/Byn9PfOF_LZ/
193,Aardvark,South Africa,Northern Cape,https://www.facebook.com/africa.geographic/photos/a.10153120329846400/10153194672331400
194,Aardvark,South Africa,Northern Cape,https://web.facebook.com/photo/?fbid=368346333291317&set=o.206874196042594
195,Aardvark,South Africa,Eastern Cape,https://www.instagram.com/p/B2YsnbXgRSQ/
196,Aardvark,South Africa,Eastern Cape,https://web.facebook.com/alex.vandenheever.1/posts/1391605867523258
197,Aardvark,South Africa,Eastern Cape,https://www.facebook.com/photo.php?fbid=10156651597858255&set=pb.570738254.-2207520000..&type=3
198,Aardvark,South Africa,Eastern Cape,https://www.facebook.com/photo?fbid=10155631025823255&set=pb.570738254.-2207520000..
199,Aardvark,South Africa,Eastern Cape,https://www.instagram.com/p/BTHgid-gJSJ/
200,Aardvark,South Africa,Eastern Cape,https://www.instagram.com/p/BZaTBe8HtjI/
201,Aardvark,South Africa,Eastern Cape,https://www.instagram.com/p/5J1DnZiAp8/
202,Aardvark,South Africa,Eastern Cape,https://www.instagram.com/p/-i1qb4iAiv/
203,Aardvark,South Africa,Eastern Cape,https://www.instagram.com/p/BIVJDgQDzs6/
204,Aardvark,South Africa,Eastern Cape,https://www.instagram.com/p/BFi9YslCAhu/
205,Aardvark,South Africa,Eastern Cape,https://www.instagram.com/p/BYU6S-0lHFi/
206,Aardvark,South Africa,Eastern Cape,https://www.instagram.com/p/BltQP89F5wH/
207,Aardvark,South Africa,Eastern Cape,https://www.instagram.com/p/ButVlzQgxkI/
208,Aardvark,South Africa,Eastern Cape,https://www.instagram.com/p/BypvxIrndQA/
209,Aardvark,South Africa,Eastern Cape,https://www.instagram.com/p/B0yGi_WJ6Na/
210,Aardvark,South Africa,Eastern Cape,https://www.instagram.com/p/B0oQDkNH2xM/
211,Aardvark,South Africa,Eastern Cape,https://www.instagram.com/p/BJlZ9lngOFw/
212,Aardvark,South Africa,Eastern Cape,https://www.instagram.com/p/BZaTBe8HtjI/
213,Aardvark,South Africa,Eastern Cape,https://www.instagram.com/p/BTHgid-gJSJ/
214,Aardvark,South Africa,Eastern Cape,Missing
215,Aardvark,South Africa,Eastern Cape,https://web.facebook.com/SamaraKaroo/posts/10154490598724276
216,Aardvark,South Africa,Eastern Cape,https://www.instagram.com/p/B0wafEXH4ew/
217,Aardvark,South Africa,Eastern Cape,https://www.instagram.com/p/BYVpnIvgyIq/
218,Aardvark,South Africa,Eastern Cape,https://www.instagram.com/p/BXfXN6EAQvU/
219,Aardvark,South Africa,Eastern Cape,https://www.instagram.com/p/BU7F2g9AQ9q/
220,Aardvark,South Africa,Eastern Cape,https://www.facebook.com/photo.php?fbid=10154669983408646&set=pb.613348645.-2207520000..&type=3
221,Aardvark,South Africa,Eastern Cape,Missing
222,Aardvark,South Africa,Eastern Cape,https://web.facebook.com/352430004810518/photos/a.355221167864735/538461039540746
223,Aardvark,South Africa,Eastern Cape,https://www.facebook.com/photo.php?fbid=10154605797873646&set=pb.613348645.-2207520000..&type=3
224,Aardvark,South Africa,Eastern Cape,https://www.facebook.com/photo.php?fbid=10154541478418646&set=pb.613348645.-2207520000..&type=3
225,Aardvark,South Africa,Eastern Cape,https://www.instagram.com/p/BYfHYwZlt2I/
226,Aardvark,South Africa,Eastern Cape,Missing
227,Aardvark,South Africa,Eastern Cape,Missing
228,Aardvark,South Africa,Eastern Cape,Missing
229,Aardvark,South Africa,Eastern Cape,https://www.instagram.com/p/Bq3XLIohs7l/
230,Aardvark,South Africa,Eastern Cape,https://www.facebook.com/mosaictourism/photos/a.1312667698766608/1312667985433246/
231,Aardvark,South Africa,Eastern Cape,https://www.instagram.com/p/BH9wPaogJL5/
232,Aardvark,South Africa,Eastern Cape,https://www.instagram.com/p/BIh4QQ-Agq_/
233,Aardvark,South Africa,Eastern Cape,https://www.instagram.com/p/BIj192AAujj/
234,Aardvark,South Africa,Eastern Cape,https://www.instagram.com/p/BIswxKWAsOd/
235,Aardvark,South Africa,Eastern Cape,https://www.instagram.com/p/BIvBPHEAcJ0/
236,Aardvark,South Africa,Eastern Cape,https://www.instagram.com/p/BkHMc9UlmMD/
237,Aardvark,South Africa,Eastern Cape,https://www.instagram.com/p/BK5e_Z0hOZS/
238,Aardvark,South Africa,Eastern Cape,https://www.facebook.com/photo?fbid=1676025179390098&set=pcb.10154281382699336
239,Aardvark,South Africa,Eastern Cape,https://web.facebook.com/photo/?fbid=660966050719694&set=pcb.10155169273381978
240,Aardvark,South Africa,Eastern Cape,https://web.facebook.com/photo/?fbid=10153942383126701&set=gm.10154296043689336
241,Aardvark,South Africa,Eastern Cape,https://web.facebook.com/photo/?fbid=850040041768976&set=a.850039931768987
242,Aardvark,South Africa,Eastern Cape,https://web.facebook.com/photo/?fbid=10209284840070136&set=gm.10154501209274336
243,Aardvark,South Africa,Eastern Cape,https://www.facebook.com/MountCamdeboo/photos/1404614339613033
244,Aardvark,South Africa,Eastern Cape,https://www.facebook.com/MountCamdeboo/photos/835660636508409
245,Aardvark,South Africa,Eastern Cape,https://www.facebook.com/MountCamdeboo/photos/483881615019648
246,Aardvark,South Africa,Eastern Cape,https://www.facebook.com/MountCamdeboo/photos/174101385997674
247,Aardvark,South Africa,Eastern Cape,Missing
248,Aardvark,South Africa,Eastern Cape,https://www.facebook.com/AfricaUnpluggedNow/photos/pcb.1217165548463981/2393717137514488/
249,Aardvark,South Africa,Eastern Cape,https://www.facebook.com/photo?fbid=2547975245222137&set=pcb.1210242945822908
250,Aardvark,South Africa,Eastern Cape,https://www.facebook.com/photo?fbid=10156152402111290&set=pcb.1257365897777279
251,Aardvark,South Africa,Eastern Cape,https://www.instagram.com/p/BzQu5s7At9J/
252,Aardvark,South Africa,Eastern Cape,https://www.instagram.com/p/Bza5faOgCAE/
253,Aardvark,South Africa,Eastern Cape,https://www.facebook.com/photo?fbid=2481143731908884&set=a.145222705501010
254,Aardvark,South Africa,Eastern Cape,https://www.facebook.com/photo.php?fbid=10157785172733646&set=pb.613348645.-2207520000..&type=3
255,Aardvark,South Africa,Eastern Cape,https://web.facebook.com/photo/?fbid=1137685486243444&set=pcb.522929397887603
256,Aardvark,South Africa,Eastern Cape,https://www.facebook.com/photo.php?fbid=10153142923801498&set=gm.513626015484608&type=3&theater&ifg=1
257,Aardvark,South Africa,Eastern Cape,Missing
258,Aardvark,South Africa,Eastern Cape,https://www.instagram.com/p/B19fDPFAnmx/
259,Aardvark,South Africa,Eastern Cape,https://www.instagram.com/p/BtTrDi6Hqk-/
260,Aardvark,South Africa,Eastern Cape,https://www.instagram.com/p/BsLx5LHFEIC/
261,Aardvark,South Africa,Eastern Cape,https://www.instagram.com/p/BWU5xpJAj6g/
262,Aardvark,South Africa,Eastern Cape,https://www.instagram.com/p/BIcGaAbD0Tj/
263,Aardvark,South Africa,Eastern Cape,https://www.instagram.com/p/BHVJ79XDO_d/
264,Aardvark,South Africa,Eastern Cape,https://www.instagram.com/p/Bhooivgn7Ts/
265,Aardvark,South Africa,Eastern Cape,Missing
266,Aardvark,South Africa,Eastern Cape,https://www.instagram.com/p/BgV3-e5FUH_/
267,Aardvark,South Africa,Eastern Cape,https://www.instagram.com/p/By2Y1JllMwn/
268,Aardvark,South Africa,Eastern Cape,https://www.instagram.com/p/ByFTE_mJIRf/
269,Aardvark,South Africa,Eastern Cape,https://web.facebook.com/Kwandwe/photos/a.580668508614555/580668741947865
270,Aardvark,South Africa,Eastern Cape,https://web.facebook.com/Kwandwe/photos/a.196316693716407/488348244513249
271,Aardvark,South Africa,Eastern Cape,https://web.facebook.com/Kwandwe/photos/a.196316693716407/494412840573456
272,Aardvark,South Africa,Eastern Cape,https://web.facebook.com/Kwandwe/photos/a.196316693716407/1184751418206258
273,Aardvark,South Africa,Eastern Cape,https://web.facebook.com/Kwandwe/photos/a.196316693716407/485858851428855
274,Aardvark,South Africa,Eastern Cape,https://web.facebook.com/Kwandwe/photos/a.196316693716407/1726821377332590
275,Aardvark,South Africa,Eastern Cape,https://web.facebook.com/james.ball.5283/videos/10150924828296394
276,Aardvark,South Africa,Eastern Cape,https://web.facebook.com/Kwandwe/photos/a.196316693716407/2004209566260435/
277,Aardvark,South Africa,Eastern Cape,https://web.facebook.com/alfie.curling/videos/10151067517987075
278,Aardvark,South Africa,Eastern Cape,https://web.facebook.com/Kwandwe/photos/a.196316693716407/495314880483252
279,Aardvark,South Africa,Eastern Cape,https://web.facebook.com/Kwandwe/photos/a.196316693716407/481778991836841
280,Aardvark,South Africa,Eastern Cape,Missing
281,Aardvark,South Africa,Eastern Cape,Missing
282,Aardvark,South Africa,Eastern Cape,Missing
283,Aardvark,South Africa,Eastern Cape,https://www.instagram.com/p/B8bDfJNl8ns/
284,Aardvark,South Africa,Eastern Cape,https://www.instagram.com/p/BWj7xTFhb4T/
285,Aardvark,South Africa,Eastern Cape,https://www.facebook.com/Villa-Reinet-Guest-House-259150790781186/photos/484940844868845
286,Aardvark,South Africa,Eastern Cape,https://www.instagram.com/p/5CIUCmvPmF/
287,Aardvark,South Africa,Eastern Cape,https://www.instagram.com/p/BM9RkITDBUO/
288,Aardvark,South Africa,Eastern Cape,https://www.instagram.com/p/yv6KOwsmMk/
289,Aardvark,South Africa,Eastern Cape,Missing
290,Aardvark,South Africa,Eastern Cape,https://web.facebook.com/LegendDerryPhotography/photos/594354317271965
291,Aardvark,South Africa,Eastern Cape,https://web.facebook.com/amakhalasafarilodge/photos/a.405782752814603/589156637810546
292,Aardvark,South Africa,Eastern Cape,https://web.facebook.com/amakhalareserve/photos/a.110713302305754/1363314543712284
293,Aardvark,South Africa,Eastern Cape,https://web.facebook.com/amakhalareserve/photos/a.110713302305754/467378623305885
294,Aardvark,South Africa,Western Cape,https://web.facebook.com/BERGPLAATS-GAME-LODGE-106806006031246/photos/260188747359637
295,Aardvark,South Africa,Western Cape,Missing
296,Aardvark,South Africa,Western Cape,https://web.facebook.com/bluehillnaturereserve/photos/2849994821684061
297,Aardvark,South Africa,Western Cape,https://web.facebook.com/bluehillnaturereserve/photos/2144249938925223
298,Aardvark,South Africa,Western Cape,https://web.facebook.com/bluehillnaturereserve/photos/a.1765689996781221/1765690613447826
299,Aardvark,South Africa,Western Cape,https://web.facebook.com/bluehillnaturereserve/photos/a.1534445513239005/1534468433236713
300,Aardvark,South Africa,Western Cape,https://web.facebook.com/bluehillnaturereserve/photos/a.789181257765438/1029207110429517
301,Aardvark,South Africa,Western Cape,https://web.facebook.com/bluehillnaturereserve/photos/a.789181257765438/1315078225175736
302,Aardvark,South Africa,Western Cape,https://web.facebook.com/bluehillnaturereserve/photos/a.789181257765438/1103086986374862
303,Aardvark,South Africa,Western Cape,https://web.facebook.com/bluehillnaturereserve/videos/1115634151786812
304,Aardvark,South Africa,Western Cape,https://web.facebook.com/bluehillnaturereserve/videos/343458313037915/
305,Aardvark,South Africa,Western Cape,https://www.instagram.com/p/BpEtGEolZVf/
306,Aardvark,South Africa,Western Cape,https://web.facebook.com/driekuilen/photos/a.712365302135053/712365608801689
307,Aardvark,South Africa,Western Cape,https://web.facebook.com/driekuilen/photos/pcb.760703643967885/760703293967920
308,Aardvark,South Africa,Western Cape,https://web.facebook.com/driekuilen/photos/pcb.761771270527789/761771150527801/
309,Aardvark,South Africa,Western Cape,https://web.facebook.com/100009762916255/videos/pcb.1874798149243977/610880842580674
310,Aardvark,South Africa,Western Cape,https://www.instagram.com/p/BU9pUqmhNDM/
311,Aardvark,South Africa,Western Cape,https://www.facebook.com/capeleopardtrust/photos/a.754591127898744/3672929989398162/
312,Aardvark,South Africa,Western Cape,Missing
313,Aardvark,South Africa,Western Cape,Missing
314,Aardvark,South Africa,Western Cape,https://web.facebook.com/OverbergRenosterveld/photos/a.315735365216667/587429634713904/
315,Aardvark,South Africa,Western Cape,https://web.facebook.com/photo?fbid=407634533185713&set=pcb.407635369852296
316,Aardvark,South Africa,Western Cape,https://web.facebook.com/WolwekraalNatureReserve/photos/pcb.158425148233365/158424838233396/
317,Aardvark,South Africa,Western Cape,https://web.facebook.com/WolwekraalNatureReserve/photos/a.103037033772177/179228002819746/
318,Aardvark,South Africa,Western Cape,https://web.facebook.com/WolwekraalNatureReserve/photos/a.103037033772177/413348796074331/
319,Aardvark,South Africa,Western Cape,https://web.facebook.com/WolwekraalNatureReserve/photos/pcb.464327884309755/464327857643091/
320,Aardvark,South Africa,Western Cape,https://web.facebook.com/farm215/photos/a.1374526135900649/1374526275900635/
321,Aardvark,South Africa,Western Cape,https://web.facebook.com/bontebokridge/videos/1570294412999427
322,Aardvark,South Africa,Western Cape,https://web.facebook.com/bontebokridge/photos/a.383246148370932/383246435037570
323,Aardvark,South Africa,Western Cape,Missing
324,Aardvark,South Africa,Western Cape,https://www.instagram.com/p/BtbPgxKgHEW/
325,Aardvark,South Africa,Eastern Cape,https://web.facebook.com/enviro.insight.sa/photos/a.196974317061876/910847655674535
326,Aardvark,South Africa,Eastern Cape,Missing
327,Aardvark,South Africa,Mpumalanga,https://web.facebook.com/photo/?fbid=306529696142788&set=a.277331769062581
328,Aardvark,South Africa,Mpumalanga,Missing
329,Aardvark,South Africa,Mpumalanga,https://www.facebook.com/search/top/?q=lizel%20bester%20aardvark
330,Aardvark,South Africa,Mpumalanga,https://web.facebook.com/photo/?fbid=1789714327788542&set=a.442788702481118
331,Aardvark,South Africa,Mpumalanga,https://www.instagram.com/p/BGgc_W6I-kh/
332,Aardvark,South Africa,Mpumalanga,Missing
333,Aardvark,South Africa,Mpumalanga,https://www.instagram.com/p/BZyVlT8h3kx/
334,Aardvark,South Africa,Mpumalanga,https://www.facebook.com/latestsightingskruger/photos/a.220668441336826/1209839635753030
335,Aardvark,South Africa,Mpumalanga,https://web.facebook.com/joe.flessa/posts/10155644903774479
336,Aardvark,South Africa,Mpumalanga,Missing
337,Aardvark,South Africa,Mpumalanga,https://www.instagram.com/p/BtKymfpBrLD/
338,Aardvark,South Africa,Mpumalanga,https://www.instagram.com/p/BZMeOV2lewu/
339,Aardvark,South Africa,Mpumalanga,https://www.instagram.com/p/Bk3ZmsmnI5H/
340,Aardvark,South Africa,Mpumalanga,https://web.facebook.com/WildWingsSafaris/photos/a.183656191670258/517736014928939
341,Aardvark,South Africa,Mpumalanga,https://web.facebook.com/latestsightingskruger/photos/pcb.2183060741764243/2183060521764265/
342,Aardvark,South Africa,Mpumalanga,https://web.facebook.com/photo/?fbid=10155391825669952&set=pcb.10155391826039952
343,Aardvark,South Africa,Mpumalanga,Missing
344,Aardvark,South Africa,Mpumalanga,https://www.instagram.com/p/B3M1bU6HA7-/
345,Aardvark,South Africa,Mpumalanga,https://web.facebook.com/latestsightingskruger/photos/pcb.1699309546806034/1699342186802770/
346,Aardvark,South Africa,Mpumalanga,https://www.facebook.com/latestsightingskruger/photos/a.537352673001733/958292060907790
347,Aardvark,South Africa,Mpumalanga,https://web.facebook.com/Pughies-Kruger-Adventure-at-African-Impactcom-506776776407598/photos/518818635203412
348,Aardvark,South Africa,Mpumalanga,https://web.facebook.com/photo/?fbid=469006589933508&set=a.145823932251777
349,Aardvark,South Africa,Mpumalanga,https://web.facebook.com/reckson.hlungwanikamahlathi/posts/606421476192018
350,Aardvark,South Africa,Mpumalanga,https://www.facebook.com/andBeyondNgala/photos/basw.AbpCzTB6du7Ibol5ioTIaWEJpJrEeIfFy4LAAtivyxz9gh01DqmNwdBVU-hK6I8A7p5yMjqFqEe6PDW6q08uPF7Edxx1NGWMRTHNcI6gTaf79K0F33OuDbWX99SVvPw9nG_oEeD5ImQa7xMfWO7IqA5a5vKnjEK7ki4vJ7-C7IYPpQ.1782015775181851.832110416839063.880695661980538.1351647341552032/880695661980538/?type=1&opaqueCursor=AbqxNr-NSnX1cwEGCmGasKtJKcSFWBQf83npSleI19iNQviKVKZICLFxynU4iqNCGRZid5F8cPN2F6gv5nASOAtt6jhUyx1QJI5r1xBdWVTjdLAR6JK7c24l9JzC6LAkuwU-CJ8s9_uDQEaXR-9OvXyI9fixdq6XE31d2pUS_pWmmNQV2yBw5UzpxwQafkjYOzq1X_cBkM-v5JATtpMPQNoThljJMSRNR-mlTNBnXj4Wo9SHWEXyM9kxcxyFr_1pK0H72Yj09OnUsqj0M_4EFJLweX71Jtqap1czfvWui5kZ0po6LDnk8rmERXFrfpfdfHjAt895Eg2ZjJYPBrKUJXEVrmvvwqnMvi33caivImdyMYNpvBL9vfzqHv8JzJcIvLjTDqMhJDwx78mkhDGgS3RWr05EH7fuTfWq_NJAOssSBqp1Erdw3udtV0RWVubo67AM3Ka5CAJeGURgO6dRoTWhLhhyTnTR71vRZ9gOwgfcxCL0AVasZFe0T5mGuuqzJIH9d8mIB0-0B5HBe3b5m5PvuH1tKaT6wMZsqw7Zh-w08VqbsGjDzivltB3ptZDxcucLOBfHS0GTZ1qwlBxv7H1gqFzqcZ8Zkae6vfA_7iiDbfXgnIwDz90I0mx7_k92ftjfkpno9FxtJ6o_34SQKS8rXZuOpFGqThAgcwazp6rUm2tuR5-Ux963PCT1fOd8GtUm2ZDeIEfoIsdRd6YKQpeH_H4rmIAr2HrZrsWqY6doD8vGa2ep9Xm1A9rheD7T4_L87FfeQ8vuQ2y6E8Qup8K-hQR4n_TbT9ofH6pdQLDViNe69qZhH8ZB3m2VaYfg4lw79qIAvx5f_-JmoNp3tYF1RxBK_D4aw7C0CuNXrZ27OuCzXFmF6F-jw9utPjUFmceTrEgG49RSoWR8UUzDgJiiggJGZDhnkwc6uIWabKYKJALDNUn1-1QZwm6r9jP_PGIXms_V2jZPdy31MgoNQOYEOI3KQS9zDJnsfpmax1WS7Q&theater
351,Aardvark,South Africa,Mpumalanga,https://www.facebook.com/search/top/?q=Ngala%20Private%20Game%20Reserve%20aardvark
352,Aardvark,South Africa,Mpumalanga,https://web.facebook.com/237356082948520/photos/pb.100044953082601.-2207520000../250792091604919/?type=3
353,Aardvark,South Africa,Mpumalanga,https://web.facebook.com/ndlopfugamereserve/photos/a.688027397929489/1471196256279262/
354,Aardvark,South Africa,Mpumalanga,https://web.facebook.com/ndlopfugamereserve/photos/a.688027397929489/1481171725281715/
355,Aardvark,South Africa,Mpumalanga,https://web.facebook.com/makanyiprivategamelodge/photos/a.1615157195421698/1745748539029229
356,Aardvark,South Africa,Mpumalanga,Missing
357,Aardvark,South Africa,Mpumalanga,https://www.facebook.com/search/top/?q=aardvark%20leopard
358,Aardvark,South Africa,Mpumalanga,https://www.facebook.com/kambakulodge/photos/a.799251323485888.1073741831.534461913298165/1401686666575681/?type=3&theater
359,Aardvark,South Africa,Mpumalanga,Missing
360,Aardvark,South Africa,Mpumalanga,https://www.facebook.com/latestsightingskruger/photos/a.220668441336826/936674603069536
361,Aardvark,South Africa,Mpumalanga,https://www.instagram.com/p/BI2n6SwDiiV/
362,Aardvark,South Africa,Mpumalanga,https://www.instagram.com/p/BdFVNXOjDAE/
363,Aardvark,South Africa,Mpumalanga,https://www.instagram.com/p/4RRnbrJqTB/
364,Aardvark,South Africa,Mpumalanga,https://www.instagram.com/p/6HwofgpqYt/
365,Aardvark,South Africa,Mpumalanga,https://web.facebook.com/londolozigamereserve/photos/928364160579635?_rdc=1&_rdr
366,Aardvark,South Africa,Mpumalanga,https://www.instagram.com/p/Bbr8JlWnyF9/
367,Aardvark,South Africa,Mpumalanga,https://web.facebook.com/SabiSabiReserve/photos/pcb.1670548899659421/1670547912992853
368,Aardvark,South Africa,Mpumalanga,https://www.instagram.com/p/BhGP-VQnmk2/
369,Aardvark,South Africa,Mpumalanga,https://www.instagram.com/p/6jLfmdsSvh/
370,Aardvark,South Africa,Mpumalanga,https://web.facebook.com/photo/?fbid=10206273322181453&set=o.600453360058642
371,Aardvark,South Africa,Mpumalanga,Missing
372,Aardvark,South Africa,Mpumalanga,Missing
373,Aardvark,South Africa,Mpumalanga,https://web.facebook.com/simbambiligamelodge/photos/a.187694898028240/518479348283125/
374,Aardvark,South Africa,Mpumalanga,https://web.facebook.com/simbambiligamelodge/photos/a.627892434008482/627902957340763
375,Aardvark,South Africa,Mpumalanga,https://web.facebook.com/simbambiligamelodge/photos/a.523496854448041/523497027781357
376,Aardvark,South Africa,Mpumalanga,https://web.facebook.com/simbambiligamelodge/photos/pcb.489301194534274/489300724534321/
377,Aardvark,South Africa,Mpumalanga,Missing
378,Aardvark,South Africa,Mpumalanga,https://www.instagram.com/p/BHb4hKhhLnv/
379,Aardvark,South Africa,Mpumalanga,https://www.instagram.com/p/BKsI-1thN_L/
380,Aardvark,South Africa,Mpumalanga,https://www.facebook.com/photo?fbid=10206524473367458&set=pb.1139258176.-2207520000..
381,Aardvark,South Africa,Mpumalanga,https://www.facebook.com/photo.php?fbid=10101137374279788&set=pb.16723195.-2207520000..&type=3
382,Aardvark,South Africa,Mpumalanga,https://www.facebook.com/kapamaprivategamereserve/videos/1030699307110772
383,Aardvark,South Africa,Mpumalanga,https://web.facebook.com/kapamaprivategamereserve/photos/a.298403333536883/1154365311274010
384,Aardvark,South Africa,Mpumalanga,https://www.facebook.com/photo.php?fbid=10205060626626399&set=pb.1565100297.-2207520000..&type=3
385,Aardvark,South Africa,Mpumalanga,https://web.facebook.com/jordaan.viljoen/posts/2090727710954683
386,Aardvark,South Africa,Mpumalanga,https://web.facebook.com/PhotographybyLeighton/videos/2088078274783226
387,Aardvark,South Africa,Mpumalanga,https://www.facebook.com/journeys.com.au/photos/a.1865549413669433/2693878314169868
388,Aardvark,South Africa,Mpumalanga,Missing
389,Aardvark,South Africa,Mpumalanga,https://www.facebook.com/search/str/rissington+inn+aardvark/keywords_search
390,Aardvark,South Africa,Mpumalanga,https://web.facebook.com/londolozigamereserve/photos/a.244058019010256/1479378892144823/
391,Aardvark,South Africa,Mpumalanga,https://www.facebook.com/singita.gamereserves/photos/basw.AboWw-fDVpotGnxN0I54N58hkmykqWyt5kGLebzjVHA6jGToioq7xxwHdFuaXcKMfUKkYGsWzcuqoSWTMkdNR80EFk_RJqlcNu3LObUtLe4bwCR2EBhGMEcfjLKa7f5rhE9ZlSSQmJXiNu1va7t_U-YJ.957638564297471.858699484164941.10153327688971919.10157694224825300.10158927794005300.10155174922265300/858699484164941/?type=1&opaqueCursor=Abol6W_SPoG0SziIAsPVTeIssVprMZvitN3Tp9YemVw_KHa2O-cjgZATdcgVo3jmPIJrdrH2ITY76z7Vct8V8w5AxJvodbIk6XM8znj_IA94w9Ev-JG2aGMa4kxPC7BeDmenzuKarRMn1V4YYLHuQSS_6mjbzhLK2BCyOv58gUJaPSDa3NT69xRh_1hzygmnG2E-swplWpZ_uS7iaM0k2i68fA_V9-pSnWgXap9cb_vdF4EuFHVfdDSNv5ql7WB7xJvGOhZRKr27eSO155TJBE2s9Exshu1HWOaCu0khVjXX1-gGsnF_En8S2haYTQWZVahcVEYepPSueD6ldCl0fOy-3210uG3WD8r45NKvMG7wk7TDqvB4U2yk4irmiI9muEGLJ7d8E7BjzgTwO6LEVOykSpRLc0kgVYwnRr8DYKd5WcL7sdIqX-jVmyUlmSdwVbSbhmqGLj-zRon465SCzUZmKtQUhBBMUfWD6A_WcVEGLulWrYnREzw0982A8ae7v8csruadgaQQ8NEoNARm9sNq7dT7lon-B3uDYuxEDz-noZoqNvc9sk7Z3vf1EVeobQ8&theater
392,Aardvark,South Africa,Mpumalanga,https://www.facebook.com/safariarchitects/photos/basw.Abqb8S8LDZlbsUQQACV3r6LPloJz36xnX8fGQMtRPeXti7EMbrzwMluMtaILHyxRTreCtk_SKZtpy27iobZ34f9FNbp3XVrVIqV2g_ch2qXVJ6e0qiZXSG6xKVW5tfrxPRPQ_AChpl94f9MJUvQwdeDM.957638564297471.858699484164941.10153327688971919.10157694224825300.10158927794005300.10155174922265300/957638564297471/?type=1&opaqueCursor=Aboy8uO75wk_XSaNsp5nH5_0LDJ94cAi3EAwIHTywUaPSCPRMXEvDf8e1PkFo7h4-1DOwiVCWga5fUz3qUZ2AK1LEPmVRidykEut9xQg6RSHHXUyNqDCM18Loo7nH86B9WxR4hmYC29KwdL-tF0Dm5ynrEw-O0DeEjT762pk3zIc50w0jD6g2Pp7L4vuovXbxsQpmsIzlSI9W6yLV7zn9YLrw9aFFpMrMaYacH6XDJMMlGi2XNLpsvlMrnh5dwQvmlMojWmQZbeNVdhGXrL9tjJKWqQJB7RjNp0NJwRex3fw55vBQmTcI5jPnZl21QYLsNHYXBS3V34L7r5GHk59NDoV4b3gNA8e_hBIZY6CGV_EaUZYotmxzomU92ueUrGEqRCzLusktBxfURu6XRhtUcI5-Upa56_q--n754EXzkuFTbTc1oEK0n6lTy4MFh4nhJ3zyqtmUSUaMoygEiQYiB-jMf7We_9YGFKeUUZLnC3DZ5CWPTUylQbg69JBwAnatXWr1hDh6Jx7ALQQGbYOKR3eekXp5XvJjL_V2g2qX9JEn_VFFxmxs4aM7h0M8W5KboI&theater
393,Aardvark,South Africa,Mpumalanga,Missing
394,Aardvark,South Africa,Mpumalanga,https://www.instagram.com/p/BHMjwv_hJNA/
395,Aardvark,South Africa,Mpumalanga,Missing
396,Aardvark,South Africa,Mpumalanga,Missing
397,Aardvark,South Africa,Mpumalanga,https://web.facebook.com/Tingana.Male.Leopard/posts/1419119141525389
398,Aardvark,South Africa,Mpumalanga,https://www.instagram.com/p/BtD3RmVBH7A/
399,Aardvark,South Africa,Mpumalanga,https://www.instagram.com/p/BjZMXttHNe6/
400,Aardvark,South Africa,Mpumalanga,https://www.facebook.com/photo/?fbid=1092829180848956&set=basw.AbpjOQ8rspTxpDK3yvcjFcveb4hp1t4Nb0Ld8G8gX2-ulErcD6M70sXgUWKx0dFp-7KPtcR6oRAWZJ9Cswz84VXakkvCmvXIxSTg7ZsT0PskGaVo6g0MYtYU3FNEC7vLtxoOwvSebakNfjLQ6Sd_9eFtlEv4EGwwhfkeCfX-bgNcOQ&opaqueCursor=AboLbvRzyFTvsw5roAtSdT4SIIgp6JJnIvWoYAHtbZ_NZV9ghVkELSdQ0-n6napa4tc3GM8UbWub4vtsooXuRcBdK3IN3csI-ae3YmKDGqupBI7X6X6XlJe3TW7i8K5LULuwbyE1tI3qGwmqz2Vg2ZWdQsXeqVsWfruOW57_7frDJYn7jhVpKoW9J-bFqy3Z_aCkSEgP1wetIwUH7RLm7AY5uoHMIu3KUAVvnh9GN212Z9tshDn36N4HWKvLCE0kys1LlGCdHsWAnNXtR1ukAT_hezgh7BBkHAfe5w5zPcs4BZm8trEt_ao6skMinDsmWY63EYHSafS7znRa6Abnow_-Stwfotjiw0STh8ZKPHdAsM7PsAfDpQd9nww9rdF1nmpu_2XZiD1EZ4duuuGIf095sAFQr3b0t-P5vHYUBqAGrZjVoV5r_cJBSJJhKSfgvwF1g7vdwEraKoc7mdWH0WTRXpPPH6GMTsxz5Bd8LGcXcJASscLt5HU6b3Awg2L_6GBvDIU7ANZYYh3Ure0PS3lKV8pZ8IDMh45-UWRHkmvYrplJQDUE6Ojaq8S6pIZi1WYVSbTbihq0nYnaLSCa2hdOs-jU98yOFSJ9ZzrcElwinAq1Rjk3kPw-RmCloPYXyU8v1tMSfBONEbvo350wshw91ote3Gohol7Ti91nWjYRnuqX8eAaPclGeHemnwVcf17UFL1s6zuFcMNU33-3o3ctaJ_3o9GOFYFGqog48O7ZZiNSbTG1v6Ngfe5yH7oDNa5OZu7XJM9XwRYHrUAUPdU604slHPJpBvCnjKbfVFtxYfdvU_C_rtysyaULW99A0g0
401,Aardvark,South Africa,Mpumalanga,https://www.facebook.com/search/str/brett+horley+safaris+aardvark/keywords_search
402,Aardvark,South Africa,Mpumalanga,https://www.instagram.com/p/B2wNuX_A_48/
403,Aardvark,South Africa,Mpumalanga,https://web.facebook.com/BlackLeopardCamp/photos/a.360621597355745/438070449610859
404,Aardvark,South Africa,Mpumalanga,https://web.facebook.com/BlackLeopardCamp/photos/a.360621597355745/438070449610859
405,Aardvark,South Africa,Mpumalanga,https://web.facebook.com/BlackLeopardCamp/photos/pcb.2274452725972613/2274447255973160/
406,Aardvark,South Africa,Mpumalanga,https://web.facebook.com/fieldandstreamsa/photos/a.193190977413701/761419037257556
407,Aardvark,South Africa,Mpumalanga,https://web.facebook.com/fieldandstreamsa/photos/pcb.794655863933873/794654830600643/
408,Aardvark,South Africa,Limpopo,https://www.instagram.com/p/BkLZpY-FckL/
409,Aardvark,South Africa,Limpopo,https://www.instagram.com/p/BcaSrb3lJmS/
410,Aardvark,South Africa,Limpopo,https://www.instagram.com/p/BipNEnYBG-N/
411,Aardvark,South Africa,Limpopo,https://web.facebook.com/Phelwana/photos/917728228359741
412,Aardvark,South Africa,Limpopo,https://www.instagram.com/p/0cnonyoA3z/
413,Aardvark,South Africa,Limpopo,https://www.instagram.com/p/BJdKxzNDR8U/
414,Aardvark,South Africa,Limpopo,https://www.instagram.com/p/BZZJJr-DWoy/
415,Aardvark,South Africa,Limpopo,https://www.instagram.com/p/B1JJ8TPAiLC/
416,Aardvark,South Africa,Limpopo,Missing
417,Aardvark,South Africa,Limpopo,Missing
418,Aardvark,South Africa,Limpopo,https://www.facebook.com/photo?fbid=10211784112820408&set=pcb.10211784148141291
419,Aardvark,South Africa,Limpopo,https://www.instagram.com/p/BltMQv9H9C3/
420,Aardvark,South Africa,Limpopo,https://www.facebook.com/photo?fbid=10157200670205271&set=pb.821330270.-2207520000..
421,Aardvark,South Africa,Limpopo,https://web.facebook.com/AfricanImpactSAConservation/photos/a.186602434737754/693519880712671
422,Aardvark,South Africa,Limpopo,https://web.facebook.com/DaktariAfrica/photos/pcb.966918243343891/966916816677367/
423,Aardvark,South Africa,Limpopo,https://www.facebook.com/169427349765665/photos/a.214994061875660/1847896818585368/?type=3&theater
424,Aardvark,South Africa,Limpopo,https://web.facebook.com/makutsi/photos/a.140959889249750/668230929855974
425,Aardvark,South Africa,Limpopo,Missing
426,Aardvark,South Africa,Limpopo,https://web.facebook.com/Maninghi/photos/pcb.778974878970771/778974735637452/
427,Aardvark,South Africa,Limpopo,https://web.facebook.com/pondorogamelodge/photos/a.244820012211871/484673184893218
428,Aardvark,South Africa,Limpopo,https://web.facebook.com/pondorogamelodge/photos/a.244820012211871/676074419086426
429,Aardvark,South Africa,Limpopo,https://web.facebook.com/pondorogamelodge/photos/a.1737630632930794/2196175380409648/
430,Aardvark,South Africa,Limpopo,https://web.facebook.com/sundestinations1/photos/a.385289534963647/478310468994886
431,Aardvark,South Africa,Limpopo,Missing
432,Aardvark,South Africa,Limpopo,https://web.facebook.com/rukiyacamp/posts/1636095243382794
433,Aardvark,South Africa,Limpopo,https://web.facebook.com/rukiyacamp/posts/1738995486426102
434,Aardvark,South Africa,Limpopo,https://web.facebook.com/rukiyacamp/photos/a.1511669975825322/1676776295981355
435,Aardvark,South Africa,Limpopo,https://web.facebook.com/rukiyacamp/photos/pcb.1996851913973790/1996849220640726
436,Aardvark,South Africa,Limpopo,https://web.facebook.com/AfricanImpactSAConservation/photos/2833006956763942
437,Aardvark,South Africa,Limpopo,https://www.facebook.com/photo?fbid=10219790452461841&set=pcb.3336374929713938
438,Aardvark,South Africa,Limpopo,https://www.instagram.com/p/Be0_341BoeJ/
439,Aardvark,South Africa,Limpopo,https://www.instagram.com/p/BfLxnJgHXAW/
440,Aardvark,South Africa,Limpopo,https://www.instagram.com/p/BcCEIn1HYrT/
441,Aardvark,South Africa,Limpopo,https://web.facebook.com/OnTrackSafaris/photos/a.271162138772/10153284246218773
442,Aardvark,South Africa,Limpopo,https://www.instagram.com/p/6eyYQnPBay/
443,Aardvark,South Africa,Limpopo,https://web.facebook.com/OnTrackSafaris/photos/a.271162138772/10152385238568773
444,Aardvark,South Africa,Limpopo,https://web.facebook.com/OnTrackSafaris/photos/a.271162138772/10153327758038773
445,Aardvark,South Africa,Limpopo,https://web.facebook.com/OnTrackSafaris/photos/a.271162138772/10154457573058773
446,Aardvark,South Africa,Limpopo,https://web.facebook.com/OnTrackSafaris/photos/a.271162138772/10154037473948773
447,Aardvark,South Africa,Limpopo,https://web.facebook.com/OnTrackSafaris/photos/a.271162138772/10153666876888773
448,Aardvark,South Africa,Limpopo,https://web.facebook.com/OnTrackSafaris/photos/a.271162138772/10153510895348773
449,Aardvark,South Africa,Limpopo,https://web.facebook.com/KwaMbiliGameLodge/photos/a.397044163687325/548749211850152
450,Aardvark,South Africa,Limpopo,https://web.facebook.com/cfgonewalkabout/photos/a.187287524716252/1847609748684013
451,Aardvark,South Africa,Limpopo,https://web.facebook.com/photo?fbid=10100479864494596&set=a.10100479860497606
452,Aardvark,South Africa,Limpopo,https://web.facebook.com/Naledigamelodge/videos/10152583788806241
453,Aardvark,South Africa,Limpopo,https://web.facebook.com/Naledigamelodge/photos/pcb.10153899550971241/10153899549176241
454,Aardvark,South Africa,Limpopo,https://www.facebook.com/kaingogamereserve/photos/1123598614488309
455,Aardvark,South Africa,Limpopo,https://www.instagram.com/p/B1k37splEn2/
456,Aardvark,South Africa,Limpopo,https://www.instagram.com/p/B4PKe9xlXm2/
457,Aardvark,South Africa,Limpopo,https://www.instagram.com/p/Bcfpo3DHWVs/
458,Aardvark,South Africa,Limpopo,https://web.facebook.com/Boesmanskraal/photos/282956372062377
459,Aardvark,South Africa,Limpopo,https://www.instagram.com/p/BdznKZYj1f2/
460,Aardvark,South Africa,Limpopo,https://www.instagram.com/p/B0Xp6oxgJ7T/
461,Aardvark,South Africa,Limpopo,https://www.facebook.com/GreaterKrugerSafari/videos/1009437935839470
462,Aardvark,South Africa,Limpopo,https://web.facebook.com/219561848241120/photos/a.220598218137483/220597648137540
463,Aardvark,South Africa,Limpopo,https://www.instagram.com/p/Bw_12m-Bkbc/
464,Aardvark,South Africa,Limpopo,https://web.facebook.com/photo.php?fbid=443491339106511&set=pb.100003369479125.-2207520000..&type=3
465,Aardvark,South Africa,Limpopo,https://web.facebook.com/photo.php?fbid=656320077823635&set=pb.100003369479125.-2207520000..&type=3
466,Aardvark,South Africa,Limpopo,https://web.facebook.com/photo/?fbid=277132769075703&set=pb.100003369479125.-2207520000..
467,Aardvark,South Africa,Limpopo,https://web.facebook.com/Boschfontein-Guest-Farm-and-Hunting-Lodge-151298894905282/photos/758658087502690
468,Aardvark,South Africa,Limpopo,https://web.facebook.com/Boschfontein-Guest-Farm-and-Hunting-Lodge-151298894905282/photos/1784217801613375
469,Aardvark,South Africa,Limpopo,https://web.facebook.com/mafigenisafaris/photos/852233011482820
470,Aardvark,South Africa,Limpopo,https://web.facebook.com/selatigamereserve/photos/1761079130855739
471,Aardvark,South Africa,Limpopo,Missing
472,Aardvark,South Africa,Limpopo,https://web.facebook.com/yingwe.silonque.nl/photos/1628259980792826
473,Aardvark,South Africa,Limpopo,https://web.facebook.com/AmanziTravelUK/photos/a.166025836750987/656574271029472
474,Aardvark,South Africa,Limpopo,https://web.facebook.com/Askari.Wilderness.Conservation.Programme/photos/a.223241241052979/554914701218963
475,Aardvark,South Africa,Limpopo,https://web.facebook.com/Askari.Wilderness.Conservation.Programme/photos/a.221741167869653/540848192625614
476,Aardvark,South Africa,Limpopo,https://www.instagram.com/p/BkUV5LDhHAo/
477,Aardvark,South Africa,Limpopo,https://web.facebook.com/photo/?fbid=919017294810676&set=a.125491130829967
478,Aardvark,South Africa,Limpopo,https://web.facebook.com/photo/?fbid=919514611427611&set=a.125491130829967
479,Aardvark,South Africa,Limpopo,https://web.facebook.com/photo/?fbid=10204627558544801&set=o.158068367770
480,Aardvark,South Africa,Limpopo,https://www.instagram.com/p/BgYi8D-lvr_/
481,Aardvark,South Africa,Limpopo,https://web.facebook.com/MaratabaLuxuryLodges/videos/746841622034131
482,Aardvark,South Africa,Limpopo,Missing
483,Aardvark,South Africa,Limpopo,Missing
484,Aardvark,South Africa,Limpopo,Missing
485,Aardvark,South Africa,Limpopo,Missing
486,Aardvark,South Africa,Limpopo,https://web.facebook.com/Leopardleap/photos/a.404903746276659/680326435401054
487,Aardvark,South Africa,Limpopo,https://web.facebook.com/Leopardleap/photos/a.404903746276659/524268431006856
488,Aardvark,South Africa,Limpopo,https://web.facebook.com/Leopardleap/posts/2091654100934940
489,Aardvark,South Africa,Limpopo,https://web.facebook.com/Leopardleap/photos/a.482560198511013/482560511844315
490,Aardvark,South Africa,Limpopo,Missing
491,Aardvark,South Africa,Limpopo,https://web.facebook.com/MogalakwenaResearchCentre/photos/a.578784618799475/1011225072222092
492,Aardvark,South Africa,Limpopo,https://web.facebook.com/MogalakwenaResearchCentre/photos/a.578784618799475/1694457863898806
493,Aardvark,South Africa,Limpopo,https://web.facebook.com/MogalakwenaResearchCentre/photos/a.599448766733060/599449550066315
494,Aardvark,South Africa,Limpopo,https://web.facebook.com/MogalakwenaResearchCentre/photos/pcb.1484223981588863/1484219444922650
495,Aardvark,South Africa,Limpopo,https://web.facebook.com/enviro.insight.sa/videos/1445505135542115
496,Aardvark,South Africa,Limpopo,https://www.instagram.com/p/BkHOVpplIVo/
497,Aardvark,South Africa,Limpopo,https://web.facebook.com/InTheSaddleRidingHolidays/photos/a.115864104182/10151109854294183
498,Aardvark,South Africa,Limpopo,https://web.facebook.com/230165723663952/videos/839570622723456
499,Aardvark,South Africa,Limpopo,https://web.facebook.com/1404732279738458/photos/a.1405988876279465/1461208617424157
500,Aardvark,South Africa,Limpopo,https://web.facebook.com/Lapalala-Wilderness-1404732279738458/photos/pcb.1482295668648785/1482293561982329
501,Aardvark,South Africa,Limpopo,https://web.facebook.com/BushTimeatMabula/photos/a.546616048739151/572949379439151
502,Aardvark,South Africa,Limpopo,Missing
503,Aardvark,South Africa,Limpopo,https://web.facebook.com/izintabalodge/posts/1068506689840057
504,Aardvark,South Africa,Limpopo,https://web.facebook.com/izintabalodge/photos/a.284709178219816/647323751958355
505,Aardvark,South Africa,Limpopo,https://web.facebook.com/izintabalodge/posts/1055951077762285
506,Aardvark,South Africa,Limpopo,https://web.facebook.com/Pidwa.Wilderness.Reserve/photos/826602400702787
507,Aardvark,South Africa,Limpopo,https://web.facebook.com/AlldaysWildlifeandCommunitiesResearchCentre/videos/440456226526049
508,Aardvark,South Africa,Limpopo,https://www.instagram.com/p/Be9tb0XAlIq/
509,Aardvark,South Africa,Limpopo,Missing
510,Aardvark,South Africa,Limpopo,https://web.facebook.com/PrimateandPredat0rProject/photos/a.169075613169566/982538578489928
511,Aardvark,South Africa,Limpopo,https://web.facebook.com/PrimateandPredat0rProject/photos/a.169075613169566/2568160469927723
512,Aardvark,South Africa,Limpopo,https://web.facebook.com/GVISouthAfricaLimpopo/photos/pcb.588507197976789/588506854643490
513,Aardvark,South Africa,Limpopo,https://web.facebook.com/GVISouthAfricaLimpopo/videos/470512253109618
514,Aardvark,South Africa,Limpopo,https://web.facebook.com/GVISouthAfricaLimpopo/photos/pcb.307919002702278/307916982702480/
515,Aardvark,South Africa,Limpopo,Missing
516,Aardvark,South Africa,Limpopo,Missing
517,Aardvark,South Africa,Limpopo,https://web.facebook.com/andrew.scholtz.18/posts/567450219963145
518,Aardvark,South Africa,Limpopo,https://www.facebook.com/photo.php?fbid=306529696142788&set=pb.100003572796253.-2207520000.1535018845.&type=3&theater
519,Aardvark,South Africa,North West,https://www.instagram.com/p/B3HOuB1AVOe/
520,Aardvark,South Africa,North West,https://web.facebook.com/photo/?fbid=10153051358845251&set=basw.AbrgYcPzd09JOhdIjUAlCSl0JmnUL0XQa2h-6ZLUPeSn-vJ6sZljTVV86_6cy6uTO6KjndrUQ2NMA_0pnUC8lDBCU8uR4qc5KQiyJTgk8BpkhXR4pX_9KSXA7bB9OBCU7g4fmeMcI9nlJ6HZhO0H0zgr8s-GXsfSuoWx17pZVA-Pag&opaqueCursor=AbqOLhSvrzsTO0bS2j98ofdB-HqqXUobiaG6PmbN1a5AW_S_LoqbajYyTRqmepJzNknFXteXOrMJ8lvnbH40Xb7Y1eRbcxbiyi6TsuRdJGCijYDz82NQR9mNBGYJtFMpruSmj-ubtSIHxXBJtafJmFpKQrUEtnF5or_Je1vS1DUy3DCW7QSHc7NYITn3lZkhko6Pjo-F9AyQMDxRfm6V3zlakCwmrTxrRCwTHzK4lgSnu0ia8cc0WBfEDKkhm5ydcsetjabo7buLfgibIc1zHqPTZ8vQiUnCsqZwab9gwi_Jw7IaAdCZKYvXpmfkYQXKmu8pYl1Hd1heXml2mhAfC6QOo2UUJTaLFh56ppEq-0rGBNWKn9KqIXjCPqnNJxOZrGJ38PVJDLNcoVbGl1GuXvZsP2DhvunY05iUaZffgQnfpxcX1eTJbAp7avn3wgpK97yl2mTwg-ULg2Ea7f5F6OXYJCOT1TX7A1-RTQTLfwH4stBazfN-nK0pTTY9SEmqId8u9wWGMCMqEqiFdyFBZrCdLzOHb5V7bao3HtS9dfT8mYiLFfiEzrDU1C4P4nCQe5aPxGl5vf01gDnJWQTTccSqDWrZFeIq-g_JGC4s98jwKVVpREmUj1cfeENtpR602nIvNH4YH-I_bEHZC_GCxHS0IInJ-HBH2SCmWLglOcO-SayN0m6GeoqL18Uu57bnSQOhPBc5pSAS1H491znX5F8S6qPDbnUMQFIQaMuepEWyO0UezGZrKb5EuHdZDQhIe3ckcvH_raVatWXh7tcy8a1EnCWqs1oU-VFXIlSdPcfjoBwRPhuu1lwW-tfBYzWSIC8LxtKvjntKFDGr3gc5WQHGIb1HWXtL1XGR1YH96UqZKhTS7QvO5uXHiUMhLnB7CleRQulx_NwuGGBnOEcJ3MS_VG4Vyj6XcNfxO52AUzuTzA
521,Aardvark,South Africa,North West,https://web.facebook.com/1277228825720856/videos/1300107393432999
522,Aardvark,South Africa,North West,https://web.facebook.com/JacisLodges/photos/a.159430807434180/579586128751977
523,Aardvark,South Africa,North West,https://web.facebook.com/purpleraingamebreeding/photos/a.1724568717770997/1904160266478507
524,Aardvark,South Africa,North West,https://web.facebook.com/mateyasafari/photos/a.218222781564958/218224144898155
525,Aardvark,South Africa,North West,https://web.facebook.com/mateyasafari/photos/a.178534598867110/528143597239540
526,Aardvark,South Africa,North West,https://web.facebook.com/mateyasafari/photos/a.170917662962137/170919436295293
527,Aardvark,South Africa,North West,https://web.facebook.com/mateyasafari/photos/a.170917662962137/275579165829319
528,Aardvark,South Africa,North West,https://web.facebook.com/mateyasafari/photos/a.178534598867110/633674590019773
529,Aardvark,South Africa,North West,https://www.mateyasafari.com/wp-content/uploads/2015/07/29Jan-14Feb-14-29.jpg
530,Aardvark,South Africa,North West,https://web.facebook.com/madikwesafaris/posts/835599149836565
531,Aardvark,South Africa,North West,https://web.facebook.com/MorukuruFamily/photos/a.307851279271494/554637554592864
532,Aardvark,South Africa,North West,https://web.facebook.com/MorukuruFamily/videos/391462970910324
533,Aardvark,South Africa,North West,https://www.instagram.com/p/Bz-AjWFgR-0/
534,Aardvark,South Africa,North West,https://www.facebook.com/LatestSightingsPilanesberg/videos/1439554982772708
535,Aardvark,South Africa,KwaZulu-Natal,https://www.instagram.com/p/1E7tbCIXGl/
536,Aardvark,South Africa,KwaZulu-Natal,https://www.instagram.com/p/B5zKobSggF9/
537,Aardvark,South Africa,KwaZulu-Natal,https://www.instagram.com/p/B6r5TGCpQPk/
538,Aardvark,South Africa,KwaZulu-Natal,https://web.facebook.com/353757147979401/photos/a.356047204417062/774354109253034
539,Aardvark,South Africa,KwaZulu-Natal,https://web.facebook.com/353757147979401/photos/a.356047204417062/560902547264859
540,Aardvark,South Africa,KwaZulu-Natal,https://web.facebook.com/353757147979401/photos/a.607901145898332/743709195650859
541,Aardvark,South Africa,KwaZulu-Natal,https://www.instagram.com/p/7IwRH7lGUQ/
542,Aardvark,South Africa,KwaZulu-Natal,https://www.instagram.com/p/BhKOwahA9Ow/
543,Aardvark,South Africa,KwaZulu-Natal,https://web.facebook.com/Ndakasafarilodge/photos/a.421089858018625/717607565033518/
544,Aardvark,South Africa,KwaZulu-Natal,https://web.facebook.com/333645500031099/photos/pb.100054555155182.-2207520000../1021735181222124/?type=3
545,Aardvark,South Africa,KwaZulu-Natal,https://www.instagram.com/p/BWdP26wgTcL/
546,Aardvark,South Africa,KwaZulu-Natal,Missing
547,Aardvark,South Africa,KwaZulu-Natal,https://web.facebook.com/thandasafari/photos/pcb.10153804626081483/10153804624891483/
548,Aardvark,South Africa,KwaZulu-Natal,https://web.facebook.com/christiansperkaphotography/photos/a.172659006104497/741160452587680
549,Aardvark,South Africa,KwaZulu-Natal,https://web.facebook.com/WhiteElephantSafaris/photos/a.135329393189530/1841670942555358/
550,Aardvark,South Africa,KwaZulu-Natal,https://web.facebook.com/UmPhafaReserve/photos/a.371691299522274/622749281083140
551,Aardvark,South Africa,KwaZulu-Natal,https://web.facebook.com/UmPhafaReserve/photos/a.371691299522274/908705582487507
552,Aardvark,South Africa,KwaZulu-Natal,https://web.facebook.com/UmPhafaReserve/photos/a.371691299522274/894188290605903
553,Aardvark,South Africa,KwaZulu-Natal,https://web.facebook.com/UmPhafaReserve/photos/pcb.927764883914910/927764197248312
554,Aardvark,South Africa,KwaZulu-Natal,https://web.facebook.com/UmPhafaReserve/photos/pcb.872860226072043/872859786072087/
555,Aardvark,South Africa,KwaZulu-Natal,https://web.facebook.com/UmPhafaReserve/photos/pcb.1613270498697675/1613267538697971
556,Aardvark,South Africa,KwaZulu-Natal,https://web.facebook.com/UmPhafaReserve/photos/pcb.2652210354803679/2652201644804550
557,Aardvark,South Africa,KwaZulu-Natal,https://web.facebook.com/WESSAKZN/photos/pcb.261744844330081/261744814330084/
558,Aardvark,South Africa,KwaZulu-Natal,https://web.facebook.com/rhinoriverlodge/photos/a.201730223186071/809928919032862/
559,Aardvark,South Africa,KwaZulu-Natal,https://web.facebook.com/mpetisafaris/photos/a.217434225363202/368247630281860/
560,Aardvark,South Africa,Free State,https://www.facebook.com/photo/?fbid=10219451813227278&set=pcb.3104166839601416
561,Aardvark,South Africa,Free State,https://web.facebook.com/photo/?fbid=10153936029323109&set=basw.AboliZFnkYWYwaOUwH9hDDitSLcixfkeWSvNNI7n2fKdsDCE3MqrlvwlfMVAStGT06HVkvs-SYBPU5BT4USLFZRz3FbIHu60lJ48Iha9tHzo2C0zXEbaYin6jwoG6ql3wmcce0CLfHnn1ud5jSiKHm5lvpq6GrkIHHzJ7dMxG7MkSg&opaqueCursor=Abq_uGYjNrN0dUDBUX04eqDkN4SzYc02uzhomPdv6muvG_cOrKC2zhjBAdDyq0tyiQC1G9G5MkCzGK9jFidWNdWe17P5sRcCw8vfGvyPrvMI6BjG0FZ3N5C3gIrG7DQn5cSMj8lQnpdYJ8xDUbEUYiSUMAwvvDVXi9rWS0f8bs61qbCIEhvr_XZH6xQ8-6Q3puxOyKrn2BDArUgxlVxtpKPIt6X5EhVvNHg_Jc6gPCpFkXqREiU6DxIfsS9PVFEwNStldVuT899cxOt9rnLnBpZqjrPGDqWwnO_YELXiBr1d1Wg-sS8be1Mu6NPE0gn1WmZuGrBgGqFWb0y8p-baWYhaFeYKx4Jg3jMWCPqy_KgpGJ-o3mdYPOIMG_I80431Ifgo5V5ObNiukqXz3NYDjLdgRSd6o0wF4dG1diEZ2PeEnf7JiA69O1U3xENgUrw5Dp4dGNEelvXIVV4poI7LXVEY-LMXp9WcZ0Ljgr3iUzeKchqTkwuLheDYdoi1DG4qnDlcFtTisWkw-BC9gaeAwmfiNFtz9s3O5HkOb2vGOFMw0Uxtgec5kghep624mvbhhvG0TKWO2f_Dpfb_mAOC-Nr8rO3_MeaFCX9weIULbz_SHnbUYBzTvGiBx3YVG_lqDRIPHO9RcKM2NCRwiu79T197F7yAB5B3f7ZI2ondsHmRAR-DSTrM6551Gm16LokyTevTp10bT8_6nMJzJ5RrPHvRaObdVzfltKWlix1R751akT_4496DJIOU-_Tm7sat2cmmAaX7XtLHqAT6qXWXkywLM-5caLnwEELsjq9rKq9bvYOZj0KVmRv6nOjgsARZJnJQHDKF5vUcR0evRUdIasPJjf9z7AiZY0ZQtwGfESUecJvQLZaNIMSa6XWoIXG8_gDcXdTSmGRb_d8uPD6MVU1ke1AHF85zIZtdxLtcJ8NDUONCsHy_uzQfvnRQHdqTNdvCwBmPZ771ltqRE2uLCA3RMjnY6Q96xZRznWhXFZEt9vtggw2YHOQksPR_DY-sU_X_dqbcDLeU98IpfsYk1pAhp4mWYwHT-9CM3hmRu5_g5LmBtgg8uCLUUModKX1_Q7d5QTcqiCCgDyaNPYpj5RfAqMqTkRgslQxJBDv14FeWUw-I0RAVoKoTIYm75eSLxoGgMuWU9sjKfUJo5f5Bun_8vLWS3IVFHKGXDlBkExtPx6N5f59zkqq59Fnu9rIAqUlmZ1f4UkjBHg4cfhCTBPulSL0e6hpmX20iGE1oe_DHEEnPPKwh-l0I5t9H9h0nJ2dvEWNuB5XqOFqu5DZLioJg
562,Aardvark,South Africa,Free State,Missing
563,Aardvark,South Africa,Free State,https://www.instagram.com/p/BJgOiPOh7Xl/
564,Aardvark,South Africa,Gauteng,https://web.facebook.com/TambotiBushLodge/photos/a.168359043328364/398449763652623/
565,Aardvark,South Africa,Gauteng,https://web.facebook.com/DinokengReserve/photos/pcb.878544585521380/878543892188116/
566,Aardvark,South Africa,Gauteng,https://web.facebook.com/ikhayalamadube/photos/a.10150982597651114/10150982598261114/
567,Aardvark,South Africa,Gauteng,https://web.facebook.com/DinokengReserve/photos/1154198774622625
568,Aardvark,South Africa,Gauteng,Missing
569,Aardvark,South Africa,Gauteng,https://web.facebook.com/photo?fbid=10212661912560007&set=pcb.470781623259182
570,Aardvark,South Africa,Gauteng,Missing
571,Aardvark,South Africa,Gauteng,Missing
572,Aardvark,Botswana,NA,https://www.instagram.com/p/B4N4w7QBT_s/
573,Aardvark,Botswana,NA,https://www.facebook.com/photo.php?fbid=10156534011773199&set=pb.525998198.-2207520000..&type=3
574,Aardvark,Botswana,NA,https://www.facebook.com/ingervandyke.photojournalist.expeditionleader/photos/10157442734843374
575,Aardvark,Botswana,NA,https://www.facebook.com/photo.php?fbid=268468286558591&set=pb.100001862655759.-2207520000..&type=3
576,Aardvark,Botswana,NA,https://www.instagram.com/p/ByMsIuaHJoN/
577,Aardvark,Botswana,NA,https://www.instagram.com/p/BFhFxrem_rT/
578,Aardvark,Botswana,NA,https://www.instagram.com/p/Bp_TB__hnJm/
579,Aardvark,Botswana,NA,https://www.facebook.com/chrisbrayphotography/photos/10160541597105015
580,Aardvark,Botswana,NA,Missing
581,Aardvark,Botswana,NA,https://web.facebook.com/WeAreWilderness/photos/pcb.1526986287361681/1526983980695245/
582,Aardvark,Botswana,NA,https://web.facebook.com/132981872697/photos/a.221951467697/10152473475642698
583,Aardvark,Botswana,NA,Missing
584,Aardvark,Botswana,NA,Missing
585,Aardvark,Botswana,NA,https://web.facebook.com/TheLodgeatFelineFields/photos/1709881795771202
586,Aardvark,Botswana,NA,https://web.facebook.com/TheLodgeatFelineFields/photos/1032596600166395
587,Aardvark,Botswana,NA,https://web.facebook.com/MassonSafaris/photos/247532908986852
588,Aardvark,Botswana,NA,https://web.facebook.com/WeAreWilderness/photos/pcb.2419346211459013/2419343664792601/
589,Aardvark,Botswana,NA,https://www.facebook.com/Wilderness.friends/photos/pcb.1526986287361681/1526983980695245/?type=3&theater
590,Aardvark,Botswana,NA,https://www.instagram.com/p/BmIE-Aljo3O/
591,Aardvark,Botswana,NA,https://www.instagram.com/p/BkWmIeVHeKI/
592,Aardvark,Botswana,NA,https://www.instagram.com/p/BayZVVHDaqZ/
593,Aardvark,Botswana,NA,Missing
594,Aardvark,Botswana,NA,https://www.facebook.com/search/top/?q=Sister%20Hippo%20Safaris%20Inc.%20aardvark
595,Aardvark,Namibia,NA,https://www.instagram.com/p/BXN4F4Kl3Ud/
596,Aardvark,Namibia,NA,https://www.instagram.com/p/BcRHjNvFIjy/
597,Aardvark,Namibia,NA,https://www.facebook.com/anjagrobelphotography/photos/o.240201502804139/1310007705678158
598,Aardvark,Namibia,NA,https://web.facebook.com/packsafari/photos/322244017921111
599,Aardvark,Namibia,NA,https://www.instagram.com/p/BHwREtxh1xa/
600,Aardvark,Namibia,NA,https://www.instagram.com/p/B1uOnJVgxxV/
601,Aardvark,Namibia,NA,https://www.instagram.com/p/BzYlE2Fl5tw/
602,Aardvark,Namibia,NA,https://www.instagram.com/p/BXCwyihnY11/
603,Aardvark,Namibia,NA,https://www.instagram.com/p/BAZyHPmHXR2/
604,Aardvark,Namibia,NA,https://www.instagram.com/p/BxiQv3GFFM7/
605,Aardvark,Namibia,Naankuse,https://www.instagram.com/p/B01EoIWHuoC/
606,Aardvark,Namibia,Naankuse,https://www.instagram.com/p/BujZvF9ncgx/
607,Aardvark,Namibia,Naankuse,https://www.instagram.com/p/Bnyv6hcBBwX/
608,Aardvark,Namibia,Naankuse,https://www.instagram.com/p/BgeAGCjjipX/
609,Aardvark,Namibia,Naankuse,https://web.facebook.com/naankuse/photos/a.127084714770/10154871127779771
610,Aardvark,Namibia,Naankuse,https://web.facebook.com/naankuse/photos/a.127084714770/10152582208189771vi
611,Aardvark,Namibia,NA,https://www.facebook.com/photo?fbid=10155439857800120&set=gm.488304641513639
612,Aardvark,Namibia,NA,https://web.facebook.com/ilya.raskin/posts/2739193882766079
613,Aardvark,Namibia,NA,https://web.facebook.com/photo?fbid=517357349071947&set=gm.2011956302239344
614,Aardvark,Namibia,NA,Missing
615,Aardvark,Namibia,NA,Missing
616,Aardvark,Namibia,NA,Missing
617,Aardvark,Namibia,NA,https://web.facebook.com/HuntingConsortium/photos/a.138244482871085/609994059029456
618,Aardvark,Namibia,NA,https://www.instagram.com/p/BfkdCArFoI3/
619,Aardvark,Namibia,NA,https://www.instagram.com/p/BXNKbl9lleO/
620,Aardvark,Namibia,NA,https://www.facebook.com/Kleeberglodgeandgame/photos/pcb.386515701990863/386515631990870
621,Aardvark,Namibia,NA,https://www.instagram.com/p/BxzOAFQlae7/
622,Aardvark,Namibia,NA,https://www.instagram.com/p/BhkQmEyDBdP/
623,Aardvark,Namibia,NA,https://www.instagram.com/p/CGhDSAunUqd/
624,Aardvark,Namibia,NA,"https://www.instagram.com/p/_bbnl8BBf5/,"
625,Aardvark,Namibia,NA,https://www.instagram.com/p/B3hl8aZp47_/
626,Aardvark,Namibia,NA,https://www.facebook.com/225420677391/photos/pb.100050571485978.-2207520000../10154394855312392/?type=3
627,Aardvark,Namibia,NA,https://www.facebook.com/225420677391/photos/pb.100050571485978.-2207520000../10154432489842392/?type=3
628,Aardvark,Namibia,NA,https://www.facebook.com/225420677391/photos/pb.100050571485978.-2207520000../10157003785362392/?type=3
629,Aardvark,Namibia,NA,https://www.instagram.com/p/BYeAoF3lzMi/
630,Aardvark,Namibia,NA,https://www.instagram.com/p/BlTOCV4BKw9/
631,Aardvark,Namibia,NA,https://web.facebook.com/photo/?fbid=1587857614565752&set=pb.100000245855472.-2207520000..
632,Aardvark,Namibia,NA,https://web.facebook.com/photo.php?fbid=1563073900377457&set=pb.100000245855472.-2207520000..&type=3
633,Aardvark,Namibia,NA,https://web.facebook.com/photo/?fbid=1066360116715507&set=a.101512536533608
634,Aardvark,Namibia,NA,https://www.facebook.com/photo?fbid=10155958577750693&set=a.10155958558795693
635,Aardvark,Namibia,NA,https://web.facebook.com/Mount-Etjo-Safari-Lodge-125569410817274/photos/625824967458380
636,Aardvark,Namibia,NA,https://web.facebook.com/Mount-Etjo-Safari-Lodge-125569410817274/photos/426272990746913
637,Aardvark,Namibia,NA,https://web.facebook.com/NamWild/photos/1111452412249123
638,Aardvark,Namibia,NA,https://web.facebook.com/GabusGameRanch/photos/a.299166516792570/2928041283905067
639,Aardvark,Namibia,NA,https://web.facebook.com/astrobert/photos/a.1823637197949721/1855024964810944
640,Aardvark,Namibia,NA,https://www.instagram.com/p/BY8gRdMBZ-v/
641,Aardvark,Zimbabwe,NA,https://web.facebook.com/AfricanImpactSAConservation/posts/1845740905490557
642,Aardvark,Zimbabwe,NA,https://web.facebook.com/CawstonWildlifeEstate/photos/1874298896222606
643,Aardvark,Zimbabwe,NA,https://web.facebook.com/RhinoSafariCamp/photos/1601394716593222
644,Aardvark,Zimbabwe,NA,https://web.facebook.com/137380929789293/photos/pb.100057340995861.-2207520000../842221765971869/?type=3
645,Aardvark,Zimbabwe,NA,https://web.facebook.com/imire.zimbabwe/photos/a.317468488351938/317468558351931
646,Aardvark,Zimbabwe,NA,https://web.facebook.com/WeAreWilderness/photos/a.362118663848455/789095001150817
647,Aardvark,Zimbabwe,NA,https://web.facebook.com/singita.gamereserves/photos/a.126888940679336/1827015657333314
648,Aardvark,Zimbabwe,NA,https://web.facebook.com/singita.gamereserves/photos/a.126888940679336/1139287086106178
649,Aardvark,Zambia,NA,https://web.facebook.com/330213590412871/photos/pb.100063546522120.-2207520000../1185349724899249/?type=3
650,Aardvark,Zambia,NA,https://www.instagram.com/p/Bk0gRrGH8bS/
651,Aardvark,Zambia,NA,https://web.facebook.com/330213590412871/photos/pb.100063546522120.-2207520000../1873475756086639/?type=3
652,Aardvark,Zambia,NA,https://web.facebook.com/330213590412871/photos/pb.100063546522120.-2207520000../1455979064502979/?type=3
653,Aardvark,Zambia,NA,https://web.facebook.com/330213590412871/photos/pb.100063546522120.-2207520000../1203084903125731/?type=3
654,Aardvark,Zambia,NA,https://web.facebook.com/BushcampCo/photos/a.498192642903/10154721078852904
655,Aardvark,Zambia,NA,https://web.facebook.com/BushcampCo/posts/10153923211992904
656,Aardvark,Zambia,NA,https://web.facebook.com/BushcampCo/photos/a.498192642903/10151587624657904
657,Aardvark,Zambia,NA,https://web.facebook.com/BushcampCo/photos/a.498192642903/10154159907272904
658,Aardvark,Zambia,NA,https://web.facebook.com/BushcampCo/photos/a.498192642903/10150358115192904
659,Aardvark,Zambia,NA,https://web.facebook.com/BushcampCo/photos/a.498192642903/10153518822812904
660,Aardvark,Zambia,NA,https://web.facebook.com/BushcampCo/posts/10155528033432904
661,Aardvark,Zambia,NA,https://web.facebook.com/BushcampCo/posts/10157447621382904
662,Aardvark,Zambia,NA,https://web.facebook.com/EdwardSelfePhotoSafaris/photos/a.338170679641933/780337405425256
663,Aardvark,Zambia,NA,https://web.facebook.com/Flatdogsfamily/photos/a.167073826658738/620388424660607/
664,Aardvark,Zambia,NA,https://web.facebook.com/robinpopesafaris/photos/a.212878892100961/1056449144410594
665,Aardvark,Zambia,NA,https://web.facebook.com/KasonsoProject/photos/a.1760887960870860/1760888004204189
666,Aardvark,Zambia,NA,https://web.facebook.com/KasonsoProject/photos/a.1608912536068404/1869026853390303
667,Aardvark,Zambia,NA,Missing
668,Aardvark,Zambia,NA,https://web.facebook.com/robinpopesafaris/photos/a.212878892100961/244612775594239
669,Aardvark,Zambia,NA,https://web.facebook.com/138872853127312/photos/a.138889063125691/170025010012096
670,Aardvark,Zambia,NA,https://www.instagram.com/p/BjpZWomnjxN/
671,Aardvark,Zambia,NA,https://www.instagram.com/p/BWj-tUslrNP/
672,Aardvark,Malawi,NA,https://web.facebook.com/MajeteWildlifeReserve/photos/2465449223539482
673,Aardvark,Malawi,NA,https://web.facebook.com/MajeteWildlifeReserve/photos/603416776409412
674,Aardvark,Malawi,NA,https://web.facebook.com/MajeteWildlifeReserve/photos/428806290537129
675,Aardvark,Malawi,NA,https://web.facebook.com/CarnivoreResearchMalawi/photos/pcb.1146791682016689/1146789528683571/
676,Aardvark,Malawi,NA,https://web.facebook.com/CarnivoreResearchMalawi/photos/pcb.1375842729111582/1375842112444977
677,Aardvark,Mozambique,NA,https://web.facebook.com/niassalionproject/photos/a.270986459606144/2576695102368590
678,Aardvark,Mozambique,NA,https://web.facebook.com/niassalionproject/photos/a.270986459606144/1017254948312621
679,Aardvark,Mozambique,NA,https://web.facebook.com/niassalionproject/photos/pcb.810319985672786/810319932339458/
680,Aardvark,Mozambique,NA,https://www.instagram.com/p/BcBcKtDg0ug/
