link,image_number
https://www.instagram.com/p/zRwPAErn3y/,1
https://www.instagram.com/p/7nD-X6rn2K/,2
https://www.instagram.com/p/BHunhcrhWeN/,3
https://www.instagram.com/p/BRFq989DWkM/,4
https://www.instagram.com/p/BVB8JbgjMnZ/,5
https://www.instagram.com/p/BgYQ66xFFrR/,6
https://www.instagram.com/p/BjwTzmFHPpd/,7
https://www.instagram.com/p/BndWK42niiU/,8
https://www.instagram.com/p/Bz2fMieAWDY/,9
https://www.instagram.com/p/B0TEHl_g8e_/,10
https://www.instagram.com/p/B00KdyBAhcF/,11
https://www.instagram.com/p/Bjl1S1pnAYO/,12
https://www.instagram.com/p/BpE7YoEHEqc/,13
https://www.instagram.com/p/Bo-49ExH3Iz/,14
https://www.instagram.com/p/Bo9d0f0nxNN/,15
https://www.instagram.com/p/BpGuILSHtc_/,16
https://www.instagram.com/p/BF1BekOHiB_/,17
https://www.instagram.com/p/27tFyWRR6a/,18
https://www.instagram.com/p/BIX4XQxB_gF/,19
https://www.instagram.com/p/BHhysm-hvMM/,20
https://www.instagram.com/p/BJQlgh4BLnX/,21
https://www.instagram.com/p/BHcbn8rAANN/,22
https://www.instagram.com/p/BH_8TYEg7po/,23
https://www.instagram.com/p/BjX2jSDH-8K/,24
https://www.instagram.com/p/Ba8aPYdjyRb/,25
https://www.instagram.com/p/BMMb9G0g0M_/,26
https://www.instagram.com/p/BO47V0WACaC/,27
https://www.instagram.com/p/BPAzoz-DmY1/,28
https://www.instagram.com/p/BG8ZjwfRo7T/,29
https://www.instagram.com/p/BYGvU0HH4Vi/,30
https://www.instagram.com/p/BYY3z6_n_uF/,31
https://www.instagram.com/p/rTJgCUpYzH/,32
https://www.instagram.com/p/7UTwXTH690/,33
https://www.instagram.com/p/BbzeAlKn5bU/,34
https://www.instagram.com/p/BjsgNqUBrzK/,35
https://www.instagram.com/p/BkiXbY9hxZQ/,36
https://www.instagram.com/p/BppUVL8gBug/,37
https://www.instagram.com/p/Bjcq8Ponh-Z/,38
https://www.instagram.com/p/BwfOaOlhHXp/,39
https://www.instagram.com/p/Bz8pYTcA6lv/,40
https://www.instagram.com/p/B0DteoeA6-w/,41
https://www.instagram.com/p/Bzs8rymHQU_/,42
https://web.facebook.com/PhilWestSafaris/photos/a.253003524811963/874815625964080,43
https://web.facebook.com/AdventuresInMargaritavilleMarlisTravelsThroughLife/photos/a.335280816604315/335493299916400,44
https://www.instagram.com/p/B0X-Y7RncE1/,45
https://www.instagram.com/p/B1MVdAfpHbS/,46
https://www.instagram.com/p/B3cUs-4H4L-/,47
https://www.instagram.com/p/B58HDIYJYVK/,48
https://www.instagram.com/p/B6iogPjJja6/,49
https://www.instagram.com/p/Brk0uvgA0CV/,50
https://www.instagram.com/p/4gDbzmreeX/,51
https://www.instagram.com/p/4j8c93redi/,52
https://www.instagram.com/p/4vt5G7Lebs/,53
https://www.instagram.com/p/5NStlkreQq/,54
https://www.instagram.com/p/6C53c3reX8/,55
https://www.instagram.com/p/8gNt4wLefI/,56
https://www.instagram.com/p/BFlWKivreWz/,57
https://www.instagram.com/p/BHThhPbhkH0/,58
https://www.instagram.com/p/BIMNXqhjJFe/,59
https://www.instagram.com/p/BItuaoZDsmK/,60
https://www.instagram.com/p/BKX9Xg8BDUR/,61
https://www.instagram.com/p/BKkJgSqBKD8/,62
https://www.instagram.com/p/BUzg2dOBspO/,63
https://www.instagram.com/p/BgbLKgoAl0V/,64
https://www.instagram.com/p/B5v6YgGgb5x/,65
https://www.instagram.com/p/BFoALsXKCRD/,66
https://www.instagram.com/p/ByHcikNHmzZ/,67
https://www.instagram.com/p/B12sLtpHOsO/,68
https://www.instagram.com/p/BUo1Zb8gNOx/,69
https://www.instagram.com/p/BxemxIxJ7Z2/,70
https://www.instagram.com/p/By8XucqH3y-/,71
https://www.instagram.com/p/ByS3I-0nvx-/,72
https://www.instagram.com/p/BkeOnWbHNJS/,73
https://www.instagram.com/p/BlIdV2dAk0c/,74
https://www.instagram.com/p/BnbxBGDFXeF/,75
https://www.instagram.com/p/B0yyJ4vl-Yb/,76
https://www.instagram.com/p/qvmOGGlA2o/,77
https://www.instagram.com/p/4TM4T7lA3s/,78
https://www.instagram.com/p/4tlTVZlA6t/,79
https://www.instagram.com/p/59jKwsFA9s/,80
https://www.instagram.com/p/BHaBCaajWk-/,81
https://www.instagram.com/p/B0TXp51nxY8/,82
https://www.instagram.com/p/BkkZaLHAuRk/,83
https://www.instagram.com/p/5ZTp6kiP3q/,84
https://www.instagram.com/p/-lvCrNiP5o/,85
https://www.instagram.com/p/BBcF7VKCP7O/,86
https://www.instagram.com/p/BhBBoH6BQ4K/,87
https://www.instagram.com/p/Bnu607engmE/,88
https://www.instagram.com/p/B52iOYnAaHd/,89
https://web.facebook.com/WimVorsterPhotography/photos/a.10151587589214045/10151844589179045/?type=3&theater,90
https://web.facebook.com/WimVorsterPhotography/photos/a.10151587589214045/10151828508639045/?type=3&theater,91
https://web.facebook.com/WimVorsterPhotography/photos/a.10151587589214045/10153683206429045/?type=3&theater,92
https://web.facebook.com/WimVorsterPhotography/photos/a.10151587589214045/10156800992249045/?type=3&theater,93
https://www.instagram.com/p/BYMBXrJBR2hw6sgjB1uwR2ZbuSxkUYJGHP3AT00/,94
https://web.facebook.com/503270146361779/photos/a.503295119692615/610827318939394/?type=3&theater,95
https://web.facebook.com/TswaluKalahari/photos/a.174735242564934/189603294411462/?type=3&theater,96
https://web.facebook.com/TswaluKalahari/photos/a.211236615581463/211237162248075/?type=3&theater,97
https://web.facebook.com/TswaluKalahari/photos/a.174735242564934/232997840072007/?type=3&theater,98
https://web.facebook.com/TswaluKalahari/photos/a.174735242564934/243378325700625/?type=3&theater,99
https://www.facebook.com/TswaluKalahariReserve/photos/a.559975474040907/559976857374102,100
https://web.facebook.com/TswaluKalahari/photos/a.174735242564934/473706542667801/?type=3&theater,101
https://www.instagram.com/p/Bzc6f7jAqFh/,102
https://www.instagram.com/p/BIrIGZcgVvl/,103
https://www.instagram.com/p/B3C_YxWhsKb/,104
https://www.instagram.com/p/B3JWSUghJ2l/,105
https://www.instagram.com/p/B1Q7m3_gFB1/,106
https://www.instagram.com/p/B3FsJ93pHLv/,107
https://www.facebook.com/photo?fbid=10155632006605949&set=pb.552555948.-2207520000..,108
https://www.instagram.com/p/B1ZeJ30gaO0/,109
https://www.instagram.com/p/B4FjTstAE8_/,110
https://www.instagram.com/p/46rbWLsRRd/,111
https://www.instagram.com/p/B5fcB4QA77k/,112
https://www.instagram.com/p/B1NjYpTg2do/,113
https://www.instagram.com/p/B1EHryXAnSK/,114
https://www.instagram.com/p/B1Mz_6VgZ4j/,115
https://web.facebook.com/photo.php?fbid=675344606147842&set=pb.100010169267235.-2207520000..&type=3,116
https://www.instagram.com/p/Byz8mDLAdyP/,117
https://www.instagram.com/p/Bx0CA1VAwTI/,118
https://www.instagram.com/p/BWvSZy9hH9p/,119
https://www.instagram.com/p/Byz1ZcvAT7t/,120
https://www.instagram.com/p/B1glKppnQw4/,121
https://www.instagram.com/p/4XD_1NPi37/,122
https://www.instagram.com/p/BQxHtSSjFO4/,123
https://www.instagram.com/p/BlVRtTrF7ya/,124
https://www.instagram.com/p/BlI_9VQnWre/,125
https://www.instagram.com/p/Blm1Nh7FMsj/,126
https://www.instagram.com/p/BGvzD5-vd67/,127
https://www.instagram.com/p/BD2gOWiIMUn/,128
https://www.instagram.com/p/-f5bypIMS6/,129
https://www.instagram.com/p/Bz2OLuwlqxd/,130
https://web.facebook.com/photo/?fbid=10200179537516539&set=a.10200177580667619,131
https://www.instagram.com/p/BFwBO5-nDHX/,132
https://www.instagram.com/p/B6JNXaOl26O/,133
https://www.instagram.com/p/46rbWLsRRd/,134
,
https://www.instagram.com/p/ByfQGe0ADVP/,135
https://www.instagram.com/p/B1Tul8xgYLd/,136
https://www.instagram.com/p/BzKSv6zAUXN/,137
https://www.instagram.com/p/BLB7CIkD2og/,138
https://www.instagram.com/p/BHIG3AABxig/,139
https://web.facebook.com/bukelaafricasafaris/photos/468212669923986,140
https://web.facebook.com/bukelaafricasafaris/photos/354480044630583,141
https://web.facebook.com/TswaluKalahariReserve/photos/a.174735242564934/791897060848746,142
https://www.facebook.com/photo?fbid=678088045733940&set=gm.1470358393029667,143
https://www.facebook.com/photo?fbid=10155325951513750&set=gm.1419194791479361,144
https://www.facebook.com/photo?fbid=2275981462509698&set=gm.2429495723782591,145
https://web.facebook.com/photo/?fbid=10159388082665542&set=gm.1565297786869060,146
https://web.facebook.com/photo/?fbid=3889869399793&set=gm.433229760057262,147
https://web.facebook.com/kalaharitrails/photos/a.304208606311838/554106361322060,148
https://web.facebook.com/photo/?fbid=678088045733940&set=gm.1470358393029667,149
https://web.facebook.com/photo/?fbid=268468286558591&set=a.104963979575690,150
https://www.facebook.com/photo.php?fbid=1708596155893499&set=pb.100002293935898.-2207520000..&type=3,151
https://web.facebook.com/photo/?fbid=10213817337497251&set=a.1159357793742,152
https://www.instagram.com/p/BdrOtl-Duxn/,153
https://www.instagram.com/p/BX1IcVrF1uR/,154
https://www.instagram.com/p/Ba4WbS6gyJb/,155
https://www.instagram.com/p/B4_7P2NlJ3W/,156
https://www.instagram.com/p/BYF2TmhBInF/,157
https://web.facebook.com/rockjumperbirding/photos/a.547552951976588/547553055309911,158
https://web.facebook.com/rockjumperbirding/photos/a.156184391113448/403285536403331,159
https://web.facebook.com/photo/?fbid=1161129257237006&set=pcb.865250220197481,160
https://web.facebook.com/carsten.schradin/videos/852135531469715,161
https://web.facebook.com/photo?fbid=888964164453518&set=pcb.675324735856698,162
https://web.facebook.com/photo/?fbid=10154492377586018&set=a.10154540032436018,163
https://www.instagram.com/blueduikerza/p/BWYCq8qlfis/,164
https://web.facebook.com/photo/?fbid=514795465228596&set=gm.514730218573882,165
https://www.instagram.com/p/BmIW2Rsn7qt/,166
https://web.facebook.com/photo/?fbid=10153925419417125&set=basw.Abq0cpiARBeGsWii_9qQGreUz-z21fuCAvhpA-siH9mRnOGb2d-wX0CpJ5nTgo8yPyZvLydqnWhQ_hTQYAn0Ah6e9FdibOMt7duifAYMJR8rlc5oCG3Xugh8vIiAPT4-z52PvOD1SZDPzw3-W-zAKmSE7iwLSFV5OuFj75SWa4WBYw&opaqueCursor=Abq_nnnJkYdDi9zM7qhlT1sAZjgmAoRYcqd-bvfHAtFP0z5V201ztj90ccS3PeWpzcy2dEwZyt2WxVnCwUsPRmvOKttQNkzpMKamtTunmoc9nAKO8pamWA04lZo28DptjNTv9gMOH9KX_klRIMidk-ht9TrRKA402Iczk0mWxQAegJQVCEwvA6JJYdgHW9BMW8-8QiOQb71TDSq3Q8Okoj6GjJt2PlYKW-EuEsN34S7Sc7ov5-Mj---gZRPtWWJQwZwgW7miCk1I0KhElpiLanhm4YLaSQtSpTshP1Khi1ZQgeM_UqSubs2Nq7QvXD86LxDS7pEt0FiMwAPod8IesBp_518ZWRPk6hMsxMsljneMUz5DM__XHcd6gAzh5TgJLUXgftld8e5sErq4EuL8W1P6jeeHYKPEQXTwg2GKjrHZgObhcSUq-bBLN9HItcNxtarIqTr9H0xeRPweN-xWENeMKstSFc6Fd5BwHTsBjsOsq2m17SRpdoOqw5jfJ7kjKGYMij279hoREkLwDAfalPeaX4XoawN2wfpZ4qArYtknD7dSvVnfln4acS_O_Uj9qVESbdDRk-4ntzfV0yPyHrwlOum15_7Fu_fSEoMAvoNW7V7dNA5zCXC4jK3yIDfBw79ewfs_FTWGGOoTRFpqGp5WGcefgMyD4EGrk2kuwgbm3zLnnkfZkKTadbleAs8zIPXsbTxIyrh03d35w62yCn3USICAXxsoTofq2TnDUQ9TVVxp9lBbyilD0TSXFKrT5n8kKckHdLxFcMMJUnHYvLGINUMFPqpjUi0N5Gc0TvorBQ,167
https://www.instagram.com/p/4XLi3wsYiY/,168
https://www.instagram.com/p/BLQSIKWArid/,169
https://www.facebook.com/photo?fbid=10219811791674962&set=gm.2381488908583273,170
https://www.instagram.com/p/B1BLPD_pULU/,171
https://www.instagram.com/p/BIzq6PVjbnQ/,172
https://www.instagram.com/p/BXTJkAxBqwu/,173
https://www.facebook.com/sjoerdvbh/photos/2661660893880128,174
https://www.instagram.com/p/BhxsGnmgnJP/,175
https://web.facebook.com/roylesafaris7/videos/1242366555791128,176
https://web.facebook.com/fabiangieskephotography/photos/a.405642196213274/773642502746573,177
https://www.facebook.com/LatestSightingsKgalagadi/posts/1867132870098616,178
https://www.facebook.com/SANParksHonoraryRangers/photos/a.671259476222931/671259486222930,179
https://www.instagram.com/p/Ba4WbS6gyJb/,180
https://www.instagram.com/p/BjXBSP_DcA8/,181
https://www.facebook.com/photo?fbid=2589908167732978&set=pcb.2479905485408281,182
https://web.facebook.com/photo?fbid=924566964336181&set=a.924566841002860,183
https://www.instagram.com/p/BJDBpNNjh9B/,184
https://www.instagram.com/p/BhvyYDygzCw/,185
https://www.instagram.com/p/Byn9PfOF_LZ/,186
https://www.facebook.com/africa.geographic/photos/a.10153120329846400/10153194672331400,187
https://web.facebook.com/photo/?fbid=368346333291317&set=o.206874196042594,188
https://www.instagram.com/p/B2YsnbXgRSQ/,189
https://web.facebook.com/alex.vandenheever.1/posts/1391605867523258,190
https://www.facebook.com/photo.php?fbid=10156651597858255&set=pb.570738254.-2207520000..&type=3,191
https://www.facebook.com/photo?fbid=10155631025823255&set=pb.570738254.-2207520000..,192
https://www.instagram.com/p/BTHgid-gJSJ/,193
https://www.instagram.com/p/BZaTBe8HtjI/,194
https://www.instagram.com/p/5J1DnZiAp8/,195
https://www.instagram.com/p/-i1qb4iAiv/,196
https://www.instagram.com/p/BIVJDgQDzs6/,197
https://www.instagram.com/p/BFi9YslCAhu/,198
https://www.instagram.com/p/BYU6S-0lHFi/,199
https://www.instagram.com/p/BltQP89F5wH/,200
https://www.instagram.com/p/ButVlzQgxkI/,201
https://www.instagram.com/p/BypvxIrndQA/,202
https://www.instagram.com/p/B0yGi_WJ6Na/,203
https://www.instagram.com/p/B0oQDkNH2xM/,204
https://www.instagram.com/p/BJlZ9lngOFw/,205
https://www.instagram.com/p/BTHgid-gJSJ/,206
https://www.instagram.com/p/BJSlGjjBau7/,207
https://web.facebook.com/SamaraKaroo/posts/10154490598724276,208
https://www.instagram.com/p/B0wafEXH4ew/,209
https://www.instagram.com/p/BYVpnIvgyIq/,210
https://www.instagram.com/p/BXfXN6EAQvU/,211
https://www.instagram.com/p/BU7F2g9AQ9q/,212
https://www.facebook.com/photo.php?fbid=10154669983408646&set=pb.613348645.-2207520000..&type=3,213
https://www.instagram.com/p/BlpjEV2nr_geM_w2ASpdmQjiut_7zyxEXiYfuk0/,214
https://web.facebook.com/352430004810518/photos/a.355221167864735/538461039540746,215
https://www.facebook.com/photo.php?fbid=10154605797873646&set=pb.613348645.-2207520000..&type=3,216
https://www.facebook.com/photo.php?fbid=10154541478418646&set=pb.613348645.-2207520000..&type=3,217
https://www.instagram.com/p/BYfHYwZlt2I/,218
https://www.instagram.com/p/BKf2Dr_gyRU/,219
https://www.instagram.com/p/BH1-riLj0Iu/,220
https://www.instagram.com/p/Bq3XLIohs7l/,221
https://www.facebook.com/mosaictourism/photos/a.1312667698766608/1312667985433246/,222
https://www.instagram.com/p/BH9wPaogJL5/,223
https://www.instagram.com/p/BIh4QQ-Agq_/,224
https://www.instagram.com/p/BIj192AAujj/,225
https://www.instagram.com/p/BIswxKWAsOd/,226
https://www.instagram.com/p/BIvBPHEAcJ0/,227
https://www.instagram.com/p/BkHMc9UlmMD/,228
https://www.instagram.com/p/BK5e_Z0hOZS/,229
https://www.facebook.com/photo?fbid=1676025179390098&set=pcb.10154281382699336,230
https://web.facebook.com/photo/?fbid=660966050719694&set=pcb.10155169273381978,231
https://web.facebook.com/photo/?fbid=10153942383126701&set=gm.10154296043689336,232
https://web.facebook.com/photo/?fbid=850040041768976&set=a.850039931768987,233
https://web.facebook.com/photo/?fbid=10209284840070136&set=gm.10154501209274336,234
https://www.facebook.com/MountCamdeboo/photos/1404614339613033,235
https://www.facebook.com/MountCamdeboo/photos/835660636508409,236
https://www.facebook.com/MountCamdeboo/photos/483881615019648,237
https://www.facebook.com/MountCamdeboo/photos/174101385997674,238
https://www.instagram.com/p/BPWm8OQBlza/,239
https://www.facebook.com/AfricaUnpluggedNow/photos/pcb.1217165548463981/2393717137514488/,240
https://www.facebook.com/photo?fbid=2547975245222137&set=pcb.1210242945822908,241
https://www.facebook.com/photo?fbid=10156152402111290&set=pcb.1257365897777279,242
https://www.instagram.com/p/BzQu5s7At9J/,243
https://www.instagram.com/p/Bza5faOgCAE/,244
https://www.facebook.com/photo?fbid=2481143731908884&set=a.145222705501010,245
https://www.facebook.com/photo.php?fbid=10157785172733646&set=pb.613348645.-2207520000..&type=3,246
https://web.facebook.com/photo/?fbid=1137685486243444&set=pcb.522929397887603,247
https://www.facebook.com/photo.php?fbid=10153142923801498&set=gm.513626015484608&type=3&theater&ifg=1,248
https://www.instagram.com/p/B19fDPFAnmx/,249
https://www.instagram.com/p/BtTrDi6Hqk-/,250
https://www.instagram.com/p/BsLx5LHFEIC/,251
https://www.instagram.com/p/BWU5xpJAj6g/,252
https://www.instagram.com/p/BIcGaAbD0Tj/,253
https://www.instagram.com/p/BHVJ79XDO_d/,254
https://www.instagram.com/p/Bhooivgn7Ts/,255
https://www.instagram.com/p/BgV3-e5FUH_/,256
https://www.instagram.com/p/By2Y1JllMwn/,257
https://www.instagram.com/p/ByFTE_mJIRf/,258
https://web.facebook.com/Kwandwe/photos/a.580668508614555/580668741947865,259
https://web.facebook.com/Kwandwe/photos/a.196316693716407/488348244513249,260
https://web.facebook.com/Kwandwe/photos/a.196316693716407/494412840573456,261
https://web.facebook.com/Kwandwe/photos/a.196316693716407/1184751418206258,262
https://web.facebook.com/Kwandwe/photos/a.196316693716407/485858851428855,263
https://web.facebook.com/Kwandwe/photos/a.196316693716407/1726821377332590,264
https://web.facebook.com/james.ball.5283/videos/10150924828296394,265
https://web.facebook.com/Kwandwe/photos/a.196316693716407/2004209566260435/,266
https://web.facebook.com/alfie.curling/videos/10151067517987075,267
https://web.facebook.com/Kwandwe/photos/a.196316693716407/495314880483252,268
https://web.facebook.com/Kwandwe/photos/a.196316693716407/481778991836841,269
https://www.instagram.com/p/BWUNg2lAz79/,270
https://www.instagram.com/p/BO8FOM0glvE/,271
https://www.instagram.com/p/BMQW0whDF7j/,272
https://www.instagram.com/p/B8bDfJNl8ns/,273
https://www.instagram.com/p/BWj7xTFhb4T/,274
https://www.facebook.com/Villa-Reinet-Guest-House-259150790781186/photos/484940844868845,275
https://www.instagram.com/p/5CIUCmvPmF/,276
https://www.instagram.com/p/BM9RkITDBUO/,277
https://www.instagram.com/p/yv6KOwsmMk/,278
,
https://web.facebook.com/LegendDerryPhotography/photos/594354317271965,280
https://web.facebook.com/amakhalasafarilodge/photos/a.405782752814603/589156637810546,281
https://web.facebook.com/amakhalareserve/photos/a.110713302305754/1363314543712284,282
https://web.facebook.com/amakhalareserve/photos/a.110713302305754/467378623305885,283
https://web.facebook.com/BERGPLAATS-GAME-LODGE-106806006031246/photos/260188747359637,284
https://www.facebook.com/Witteberg/photos/a.77572979423/10155168880944424/,285
https://www.facebook.com/Witteberg/photos/a.77572979423/10150102834324424/,286
https://www.facebook.com/Witteberg/photos/a.77572979423/465199564423/,287
https://www.facebook.com/Witteberg/photos/a.77572979423/10154553393979424/,288
https://web.facebook.com/bluehillnaturereserve/photos/2849994821684061,289
https://web.facebook.com/bluehillnaturereserve/photos/2144249938925223,290
https://web.facebook.com/bluehillnaturereserve/photos/a.1765689996781221/1765690613447826,291
https://web.facebook.com/bluehillnaturereserve/photos/a.1534445513239005/1534468433236713,292
https://web.facebook.com/bluehillnaturereserve/photos/a.789181257765438/1029207110429517,293
https://web.facebook.com/bluehillnaturereserve/photos/a.789181257765438/1315078225175736,294
https://web.facebook.com/bluehillnaturereserve/photos/a.789181257765438/1103086986374862,295
https://web.facebook.com/bluehillnaturereserve/videos/1115634151786812,296
https://web.facebook.com/bluehillnaturereserve/videos/343458313037915/,297
https://www.instagram.com/p/BpEtGEolZVf/,298
https://web.facebook.com/driekuilen/photos/a.712365302135053/712365608801689,299
https://web.facebook.com/driekuilen/photos/pcb.760703643967885/760703293967920,300
https://web.facebook.com/driekuilen/photos/pcb.761771270527789/761771150527801/,301
https://web.facebook.com/100009762916255/videos/pcb.1874798149243977/610880842580674,302
https://www.instagram.com/p/BU9pUqmhNDM/,303
https://www.facebook.com/capeleopardtrust/photos/a.754591127898744/3672929989398162/,304
https://www.instagram.com/p/BAnGqu3GxUo/,305
https://www.instagram.com/p/91iOkbmxcd/,306
https://web.facebook.com/OverbergRenosterveld/photos/a.315735365216667/587429634713904/,307
https://web.facebook.com/photo?fbid=407634533185713&set=pcb.407635369852296,308
https://web.facebook.com/WolwekraalNatureReserve/photos/pcb.158425148233365/158424838233396/,309
https://web.facebook.com/WolwekraalNatureReserve/photos/a.103037033772177/179228002819746/,310
https://web.facebook.com/WolwekraalNatureReserve/photos/a.103037033772177/413348796074331/,311
https://web.facebook.com/WolwekraalNatureReserve/photos/pcb.464327884309755/464327857643091/,312
https://web.facebook.com/farm215/photos/a.1374526135900649/1374526275900635/,313
https://web.facebook.com/bontebokridge/photos/a.383246148370932/383246435037570,315
https://www.facebook.com/LandmarkFoundation/photos/a.133688423332105/1106200272747577/,316
https://www.instagram.com/p/BtbPgxKgHEW/,317
https://web.facebook.com/enviro.insight.sa/photos/a.196974317061876/910847655674535,318
https://www.instagram.com/p/BIo9UMaAXAmrgv60QaLB-RosO8-s_sQh7yb0RQ0/,319
https://www.facebook.com/AfricanImpactSAConservation/photos/a.1044549405609715/1044552328942756/,321
https://web.facebook.com/photo/?fbid=1789714327788542&set=a.442788702481118,323
https://www.instagram.com/p/BGgc_W6I-kh/,324
,
https://www.instagram.com/p/BZyVlT8h3kx/,325
https://www.facebook.com/latestsightingskruger/photos/a.220668441336826/1209839635753030,326
https://web.facebook.com/joe.flessa/posts/10155644903774479,327
https://web.facebook.com/photo?fbid=1664458400518063&set=a.1395056714124901,328
https://www.instagram.com/p/BtKymfpBrLD/,329
https://www.instagram.com/p/BZMeOV2lewu/,330
https://www.instagram.com/p/Bk3ZmsmnI5H/,331
https://web.facebook.com/WildWingsSafaris/photos/a.183656191670258/517736014928939,332
https://web.facebook.com/photo/?fbid=10155391825669952&set=pcb.10155391826039952,334
https://www.instagram.com/p/BIasvbMA4OS/,335
https://www.instagram.com/p/B3M1bU6HA7-/,336
https://web.facebook.com/latestsightingskruger/photos/pcb.1699309546806034/1699342186802770/,337
https://www.facebook.com/latestsightingskruger/photos/a.537352673001733/958292060907790,338
https://web.facebook.com/Pughies-Kruger-Adventure-at-African-Impactcom-506776776407598/photos/518818635203412,339
https://web.facebook.com/photo/?fbid=469006589933508&set=a.145823932251777,340
https://web.facebook.com/reckson.hlungwanikamahlathi/posts/606421476192018,341
https://www.facebook.com/andBeyondNgala/photos/basw.AbpCzTB6du7Ibol5ioTIaWEJpJrEeIfFy4LAAtivyxz9gh01DqmNwdBVU-hK6I8A7p5yMjqFqEe6PDW6q08uPF7Edxx1NGWMRTHNcI6gTaf79K0F33OuDbWX99SVvPw9nG_oEeD5ImQa7xMfWO7IqA5a5vKnjEK7ki4vJ7-C7IYPpQ.1782015775181851.832110416839063.880695661980538.1351647341552032/880695661980538/?type=1&opaqueCursor=AbqxNr-NSnX1cwEGCmGasKtJKcSFWBQf83npSleI19iNQviKVKZICLFxynU4iqNCGRZid5F8cPN2F6gv5nASOAtt6jhUyx1QJI5r1xBdWVTjdLAR6JK7c24l9JzC6LAkuwU-CJ8s9_uDQEaXR-9OvXyI9fixdq6XE31d2pUS_pWmmNQV2yBw5UzpxwQafkjYOzq1X_cBkM-v5JATtpMPQNoThljJMSRNR-mlTNBnXj4Wo9SHWEXyM9kxcxyFr_1pK0H72Yj09OnUsqj0M_4EFJLweX71Jtqap1czfvWui5kZ0po6LDnk8rmERXFrfpfdfHjAt895Eg2ZjJYPBrKUJXEVrmvvwqnMvi33caivImdyMYNpvBL9vfzqHv8JzJcIvLjTDqMhJDwx78mkhDGgS3RWr05EH7fuTfWq_NJAOssSBqp1Erdw3udtV0RWVubo67AM3Ka5CAJeGURgO6dRoTWhLhhyTnTR71vRZ9gOwgfcxCL0AVasZFe0T5mGuuqzJIH9d8mIB0-0B5HBe3b5m5PvuH1tKaT6wMZsqw7Zh-w08VqbsGjDzivltB3ptZDxcucLOBfHS0GTZ1qwlBxv7H1gqFzqcZ8Zkae6vfA_7iiDbfXgnIwDz90I0mx7_k92ftjfkpno9FxtJ6o_34SQKS8rXZuOpFGqThAgcwazp6rUm2tuR5-Ux963PCT1fOd8GtUm2ZDeIEfoIsdRd6YKQpeH_H4rmIAr2HrZrsWqY6doD8vGa2ep9Xm1A9rheD7T4_L87FfeQ8vuQ2y6E8Qup8K-hQR4n_TbT9ofH6pdQLDViNe69qZhH8ZB3m2VaYfg4lw79qIAvx5f_-JmoNp3tYF1RxBK_D4aw7C0CuNXrZ27OuCzXFmF6F-jw9utPjUFmceTrEgG49RSoWR8UUzDgJiiggJGZDhnkwc6uIWabKYKJALDNUn1-1QZwm6r9jP_PGIXms_V2jZPdy31MgoNQOYEOI3KQS9zDJnsfpmax1WS7Q&theater,342
https://web.facebook.com/282073051842805/photos/a.497661780283930/1351647341552032/,343
https://web.facebook.com/237356082948520/photos/pb.100044953082601.-2207520000../250792091604919/?type=3,344
https://web.facebook.com/ndlopfugamereserve/photos/a.688027397929489/1471196256279262/,345
https://web.facebook.com/ndlopfugamereserve/photos/a.688027397929489/1481171725281715/,346
https://web.facebook.com/makanyiprivategamelodge/photos/a.1615157195421698/1745748539029229,347
https://www.instagram.com/p/BLRUAVlgBfp/,348
https://www.facebook.com/search/top/?q=aardvark%20leopard,349
https://www.facebook.com/kambakulodge/photos/a.799251323485888.1073741831.534461913298165/1401686666575681/?type=3&theater,350
https://www.instagram.com/p/BLqzKelD6qT/,351
https://www.facebook.com/latestsightingskruger/photos/a.220668441336826/936674603069536,352
https://www.instagram.com/p/BI2n6SwDiiV/,353
https://www.instagram.com/p/BdFVNXOjDAE/,354
https://www.instagram.com/p/4RRnbrJqTB/,355
https://www.instagram.com/p/6HwofgpqYt/,356
https://web.facebook.com/londolozigamereserve/photos/928364160579635?_rdc=1&_rdr,357
https://www.instagram.com/p/Bbr8JlWnyF9/,358
https://www.instagram.com/p/BhGP-VQnmk2/,360
https://www.instagram.com/p/6jLfmdsSvh/,361
https://web.facebook.com/photo/?fbid=10206273322181453&set=o.600453360058642,362
https://web.facebook.com/Tingana.Male.Leopard/photos/a.619687804801864/1580675542036414/,363
https://web.facebook.com/simbambiligamelodge/photos/a.187694898028240/518479348283125/,365
https://web.facebook.com/simbambiligamelodge/photos/a.627892434008482/627902957340763,366
https://web.facebook.com/simbambiligamelodge/photos/a.523496854448041/523497027781357,367
https://web.facebook.com/simbambiligamelodge/photos/pcb.489301194534274/489300724534321/,368
https://www.instagram.com/p/BHb4hKhhLnv/,369
https://www.instagram.com/p/BKsI-1thN_L/,370
https://www.facebook.com/photo?fbid=10206524473367458&set=pb.1139258176.-2207520000..,371
https://www.facebook.com/photo.php?fbid=10101137374279788&set=pb.16723195.-2207520000..&type=3,372
https://www.facebook.com/kapamaprivategamereserve/videos/1030699307110772,373
https://web.facebook.com/kapamaprivategamereserve/photos/a.298403333536883/1154365311274010,374
https://www.facebook.com/photo.php?fbid=10205060626626399&set=pb.1565100297.-2207520000..&type=3,375
https://web.facebook.com/jordaan.viljoen/posts/2090727710954683,376
https://web.facebook.com/PhotographybyLeighton/videos/2088078274783226,377
https://www.facebook.com/journeys.com.au/photos/a.1865549413669433/2693878314169868,378
https://www.instagram.com/p/BBUthM9u-A6/,379
https://www.facebook.com/search/str/rissington+inn+aardvark/keywords_search,380
https://web.facebook.com/londolozigamereserve/photos/a.244058019010256/1479378892144823/,381
https://www.facebook.com/singita.gamereserves/photos/basw.AboWw-fDVpotGnxN0I54N58hkmykqWyt5kGLebzjVHA6jGToioq7xxwHdFuaXcKMfUKkYGsWzcuqoSWTMkdNR80EFk_RJqlcNu3LObUtLe4bwCR2EBhGMEcfjLKa7f5rhE9ZlSSQmJXiNu1va7t_U-YJ.957638564297471.858699484164941.10153327688971919.10157694224825300.10158927794005300.10155174922265300/858699484164941/?type=1&opaqueCursor=Abol6W_SPoG0SziIAsPVTeIssVprMZvitN3Tp9YemVw_KHa2O-cjgZATdcgVo3jmPIJrdrH2ITY76z7Vct8V8w5AxJvodbIk6XM8znj_IA94w9Ev-JG2aGMa4kxPC7BeDmenzuKarRMn1V4YYLHuQSS_6mjbzhLK2BCyOv58gUJaPSDa3NT69xRh_1hzygmnG2E-swplWpZ_uS7iaM0k2i68fA_V9-pSnWgXap9cb_vdF4EuFHVfdDSNv5ql7WB7xJvGOhZRKr27eSO155TJBE2s9Exshu1HWOaCu0khVjXX1-gGsnF_En8S2haYTQWZVahcVEYepPSueD6ldCl0fOy-3210uG3WD8r45NKvMG7wk7TDqvB4U2yk4irmiI9muEGLJ7d8E7BjzgTwO6LEVOykSpRLc0kgVYwnRr8DYKd5WcL7sdIqX-jVmyUlmSdwVbSbhmqGLj-zRon465SCzUZmKtQUhBBMUfWD6A_WcVEGLulWrYnREzw0982A8ae7v8csruadgaQQ8NEoNARm9sNq7dT7lon-B3uDYuxEDz-noZoqNvc9sk7Z3vf1EVeobQ8&theater,382
https://www.facebook.com/safariarchitects/photos/basw.Abqb8S8LDZlbsUQQACV3r6LPloJz36xnX8fGQMtRPeXti7EMbrzwMluMtaILHyxRTreCtk_SKZtpy27iobZ34f9FNbp3XVrVIqV2g_ch2qXVJ6e0qiZXSG6xKVW5tfrxPRPQ_AChpl94f9MJUvQwdeDM.957638564297471.858699484164941.10153327688971919.10157694224825300.10158927794005300.10155174922265300/957638564297471/?type=1&opaqueCursor=Aboy8uO75wk_XSaNsp5nH5_0LDJ94cAi3EAwIHTywUaPSCPRMXEvDf8e1PkFo7h4-1DOwiVCWga5fUz3qUZ2AK1LEPmVRidykEut9xQg6RSHHXUyNqDCM18Loo7nH86B9WxR4hmYC29KwdL-tF0Dm5ynrEw-O0DeEjT762pk3zIc50w0jD6g2Pp7L4vuovXbxsQpmsIzlSI9W6yLV7zn9YLrw9aFFpMrMaYacH6XDJMMlGi2XNLpsvlMrnh5dwQvmlMojWmQZbeNVdhGXrL9tjJKWqQJB7RjNp0NJwRex3fw55vBQmTcI5jPnZl21QYLsNHYXBS3V34L7r5GHk59NDoV4b3gNA8e_hBIZY6CGV_EaUZYotmxzomU92ueUrGEqRCzLusktBxfURu6XRhtUcI5-Upa56_q--n754EXzkuFTbTc1oEK0n6lTy4MFh4nhJ3zyqtmUSUaMoygEiQYiB-jMf7We_9YGFKeUUZLnC3DZ5CWPTUylQbg69JBwAnatXWr1hDh6Jx7ALQQGbYOKR3eekXp5XvJjL_V2g2qX9JEn_VFFxmxs4aM7h0M8W5KboI&theater,383
https://www.instagram.com/p/BbtqHx7B0pC/,384
https://www.instagram.com/p/BHMjwv_hJNA/,385
https://www.instagram.com/p/BtD3RmVBH7A/,388
https://www.instagram.com/p/BjZMXttHNe6/,389
https://www.facebook.com/photo/?fbid=1092829180848956&set=basw.AbpjOQ8rspTxpDK3yvcjFcveb4hp1t4Nb0Ld8G8gX2-ulErcD6M70sXgUWKx0dFp-7KPtcR6oRAWZJ9Cswz84VXakkvCmvXIxSTg7ZsT0PskGaVo6g0MYtYU3FNEC7vLtxoOwvSebakNfjLQ6Sd_9eFtlEv4EGwwhfkeCfX-bgNcOQ&opaqueCursor=AboLbvRzyFTvsw5roAtSdT4SIIgp6JJnIvWoYAHtbZ_NZV9ghVkELSdQ0-n6napa4tc3GM8UbWub4vtsooXuRcBdK3IN3csI-ae3YmKDGqupBI7X6X6XlJe3TW7i8K5LULuwbyE1tI3qGwmqz2Vg2ZWdQsXeqVsWfruOW57_7frDJYn7jhVpKoW9J-bFqy3Z_aCkSEgP1wetIwUH7RLm7AY5uoHMIu3KUAVvnh9GN212Z9tshDn36N4HWKvLCE0kys1LlGCdHsWAnNXtR1ukAT_hezgh7BBkHAfe5w5zPcs4BZm8trEt_ao6skMinDsmWY63EYHSafS7znRa6Abnow_-Stwfotjiw0STh8ZKPHdAsM7PsAfDpQd9nww9rdF1nmpu_2XZiD1EZ4duuuGIf095sAFQr3b0t-P5vHYUBqAGrZjVoV5r_cJBSJJhKSfgvwF1g7vdwEraKoc7mdWH0WTRXpPPH6GMTsxz5Bd8LGcXcJASscLt5HU6b3Awg2L_6GBvDIU7ANZYYh3Ure0PS3lKV8pZ8IDMh45-UWRHkmvYrplJQDUE6Ojaq8S6pIZi1WYVSbTbihq0nYnaLSCa2hdOs-jU98yOFSJ9ZzrcElwinAq1Rjk3kPw-RmCloPYXyU8v1tMSfBONEbvo350wshw91ote3Gohol7Ti91nWjYRnuqX8eAaPclGeHemnwVcf17UFL1s6zuFcMNU33-3o3ctaJ_3o9GOFYFGqog48O7ZZiNSbTG1v6Ngfe5yH7oDNa5OZu7XJM9XwRYHrUAUPdU604slHPJpBvCnjKbfVFtxYfdvU_C_rtysyaULW99A0g0,390
https://www.facebook.com/search/str/brett+horley+safaris+aardvark/keywords_search,391
https://www.instagram.com/p/B2wNuX_A_48/,392
https://web.facebook.com/BlackLeopardCamp/photos/a.360621597355745/438070449610859,393
https://web.facebook.com/BlackLeopardCamp/photos/pcb.2274452725972613/2274447255973160/,395
https://web.facebook.com/fieldandstreamsa/photos/a.193190977413701/761419037257556,396
https://web.facebook.com/fieldandstreamsa/photos/pcb.794655863933873/794654830600643/,397
https://www.instagram.com/p/BkLZpY-FckL/,398
https://www.instagram.com/p/BcaSrb3lJmS/,399
https://www.instagram.com/p/BipNEnYBG-N/,400
https://web.facebook.com/Phelwana/photos/917728228359741,401
https://www.instagram.com/p/0cnonyoA3z/,402
https://www.instagram.com/p/BJdKxzNDR8U/,403
https://www.instagram.com/p/BZZJJr-DWoy/,404
https://www.instagram.com/p/B1JJ8TPAiLC/,405
https://www.instagram.com/p/BJaH70fDhuc/,406
https://www.facebook.com/photo?fbid=10211784112820408&set=pcb.10211784148141291,407
https://www.instagram.com/p/BltMQv9H9C3/,408
https://www.facebook.com/photo?fbid=10157200670205271&set=pb.821330270.-2207520000..,409
https://web.facebook.com/AfricanImpactSAConservation/photos/a.186602434737754/693519880712671,410
https://web.facebook.com/DaktariAfrica/photos/pcb.966918243343891/966916816677367/,411
https://www.facebook.com/169427349765665/photos/a.214994061875660/1847896818585368/?type=3&theater,412
https://web.facebook.com/makutsi/photos/a.140959889249750/668230929855974,413
https://web.facebook.com/Maninghi/photos/pcb.778974878970771/778974735637452/,414
https://web.facebook.com/pondorogamelodge/photos/a.244820012211871/484673184893218,415
https://web.facebook.com/pondorogamelodge/photos/a.244820012211871/676074419086426,416
https://web.facebook.com/pondorogamelodge/photos/a.1737630632930794/2196175380409648/,417
https://web.facebook.com/sundestinations1/photos/a.385289534963647/478310468994886,418
https://www.instagram.com/p/BPXI1ish8IM/,419
https://web.facebook.com/rukiyacamp/posts/1636095243382794,420
https://web.facebook.com/rukiyacamp/posts/1738995486426102,421
https://web.facebook.com/rukiyacamp/photos/a.1511669975825322/1676776295981355,422
https://web.facebook.com/rukiyacamp/photos/pcb.1996851913973790/1996849220640726,423
https://web.facebook.com/AfricanImpactSAConservation/photos/2833006956763942,424
https://www.facebook.com/photo?fbid=10219790452461841&set=pcb.3336374929713938,425
https://www.instagram.com/p/Be0_341BoeJ/,426
https://www.instagram.com/p/BfLxnJgHXAW/,427
https://www.instagram.com/p/BcCEIn1HYrT/,428
https://web.facebook.com/OnTrackSafaris/photos/a.271162138772/10153284246218773,429
https://www.instagram.com/p/6eyYQnPBay/,430
https://web.facebook.com/OnTrackSafaris/photos/a.271162138772/10152385238568773,431
https://web.facebook.com/OnTrackSafaris/photos/a.271162138772/10153327758038773,432
https://web.facebook.com/OnTrackSafaris/photos/a.271162138772/10154037473948773,434
https://web.facebook.com/OnTrackSafaris/photos/a.271162138772/10153666876888773,435
https://web.facebook.com/OnTrackSafaris/photos/a.271162138772/10153510895348773,436
https://web.facebook.com/KwaMbiliGameLodge/photos/a.397044163687325/548749211850152,437
https://web.facebook.com/cfgonewalkabout/photos/a.187287524716252/1847609748684013,438
https://web.facebook.com/photo?fbid=10100479864494596&set=a.10100479860497606,439
https://web.facebook.com/Naledigamelodge/videos/10152583788806241,440
https://web.facebook.com/Naledigamelodge/photos/pcb.10153899550971241/10153899549176241,441
https://www.facebook.com/kaingogamereserve/photos/1123598614488309,442
https://www.instagram.com/p/B1k37splEn2/,443
https://www.instagram.com/p/B4PKe9xlXm2/,444
https://www.instagram.com/p/Bcfpo3DHWVs/,445
https://web.facebook.com/Boesmanskraal/photos/282956372062377,446
https://www.instagram.com/p/BdznKZYj1f2/,447
https://www.instagram.com/p/B0Xp6oxgJ7T/,448
https://www.facebook.com/GreaterKrugerSafari/videos/1009437935839470,449
https://web.facebook.com/219561848241120/photos/a.220598218137483/220597648137540,450
https://www.facebook.com/AfricanImpactSAConservation/photos/a.1141704742560847/1143366982394623/,451
https://www.instagram.com/p/Bw_12m-Bkbc/,452
https://web.facebook.com/photo.php?fbid=443491339106511&set=pb.100003369479125.-2207520000..&type=3,453
https://web.facebook.com/photo.php?fbid=656320077823635&set=pb.100003369479125.-2207520000..&type=3,454
https://web.facebook.com/photo/?fbid=277132769075703&set=pb.100003369479125.-2207520000..,455
https://web.facebook.com/Boschfontein-Guest-Farm-and-Hunting-Lodge-151298894905282/photos/758658087502690,456
https://web.facebook.com/Boschfontein-Guest-Farm-and-Hunting-Lodge-151298894905282/photos/1784217801613375,457
https://web.facebook.com/mafigenisafaris/photos/852233011482820,458
https://web.facebook.com/selatigamereserve/photos/1761079130855739,459
https://web.facebook.com/photo/?fbid=10208032392824921&set=basw.Abrw8LeVxxlEY0Ea-sVkJlT3AAwS9KtA7uPqC29WkvO_wemcaW8pvyIp-65YRxxGF1YhDYqffvz19yEShZeqlAIBBx2lBqtb1_wehpO2Hb6ZaiYpinXedNSWJ6mLhRqeBwuWbKf73b0jYCMr5dyLS8oVg92GhjbZrsv6hn3XitpMbg&opaqueCursor=AbrJi3ercI5zTICd_w0IhV_BGkAiATGzlwpZdvyVYmjWT_LXdSx2HeJV6477_08uiJL6glsWWmYpvQNi23u9e-LMLWpYc_Wx1sn3tqFfGx7EUXYF9WGax63qfk4bCV4hX6qPp2yW8V2ZM0IIjSHmPn9hL1poARDXCoFQhxo_enWG0ouY23aFlwyChLjmH93W3vo1oij-ylVx8HlPs0uZ9S_B_Ug9ntgcOGqMf_b0rFHp2H2lUy-axEAeGSKfpTyjx5oud7omFQEQ21o3nh8bmENdE8AjXEnXYgNSYDC4S1m3PB7N3B-NHy8KIRKJG7UtrPrSbF0PfeD53XNgsdv9EEs48fJEZSEMSlGoNylimkV8IqzS0R1KoOB2UFwOMBN-2pZJI3kauVXUyRFb3zupMKd6Mn1Kn-A6fyTtH0phD7yUf6OoWPEQNns4IRQ0Er5FX-dmpO1i5DiK24SrhMXnc9JYe7zbczbMR3kdjXjtMYxqD5jFXL6VCVxDEJdTL4A3qHkEXlA2l29waYRrJ2fqIRzesiWsa8vDs2BRI85F0blCd8fGIID7KxmdeXke2K7uQUeGk0l0OQ6YBoMQ9Pqd3gzWcLC4ehEs8jrU-Ys0-Wxd3YxA-GXi1lR2ZaljgcGfttX-GYoS84KB8mOOgsIoJIPJM0YLC1VJjzo_dPCQzGCmyaVkqLdnySvbc5nOugZGpEyXLHuGZ0rDkQ0-6LzezCOpZUVBJkNfb_bqsBTG44Xu_jQKWCY_X30sgAhmCGACxXmpTRZBGlkDh3x5XA0dp9juGE8bhBJiUBNMafzlQ7cZFoL_T2hU_lSfz-vjoBe1gOCu6ZTmKrZczckNEn6Z1o8lYbc0BiM1utJinDh5XZu-u4BU6w0-h1u_EnqJUR9cIgRBFWq4WaQb1kHsnFPrv2db,460
https://web.facebook.com/yingwe.silonque.nl/photos/1628259980792826,461
https://web.facebook.com/AmanziTravelUK/photos/a.166025836750987/656574271029472,462
https://web.facebook.com/Askari.Wilderness.Conservation.Programme/photos/a.223241241052979/554914701218963,463
https://web.facebook.com/Askari.Wilderness.Conservation.Programme/photos/a.221741167869653/540848192625614,464
https://www.instagram.com/p/BkUV5LDhHAo/,465
https://web.facebook.com/photo/?fbid=919017294810676&set=a.125491130829967,466
https://web.facebook.com/photo/?fbid=919514611427611&set=a.125491130829967,467
https://web.facebook.com/photo/?fbid=10204627558544801&set=o.158068367770,468
https://www.instagram.com/p/BgYi8D-lvr_/,469
https://web.facebook.com/MaratabaLuxuryLodges/videos/746841622034131,470
https://www.instagram.com/p/51samxwWjs/,471
https://www.instagram.com/p/BJlZNEngx_C/,472
https://web.facebook.com/Leopardleap/photos/a.404903746276659/680326435401054,473
https://web.facebook.com/Leopardleap/photos/a.404903746276659/524268431006856,474
https://web.facebook.com/Leopardleap/posts/2091654100934940,475
https://web.facebook.com/Leopardleap/photos/a.482560198511013/482560511844315,476
https://www.instagram.com/p/BRVeD6nBjnr/,477
https://web.facebook.com/MogalakwenaResearchCentre/photos/a.578784618799475/1011225072222092,478
https://web.facebook.com/MogalakwenaResearchCentre/photos/a.578784618799475/1694457863898806,479
https://web.facebook.com/MogalakwenaResearchCentre/photos/a.599448766733060/599449550066315,480
https://web.facebook.com/MogalakwenaResearchCentre/photos/pcb.1484223981588863/1484219444922650,481
https://web.facebook.com/enviro.insight.sa/videos/1445505135542115,482
https://www.instagram.com/p/BkHOVpplIVo/,483
https://web.facebook.com/InTheSaddleRidingHolidays/photos/a.115864104182/10151109854294183,484
https://web.facebook.com/230165723663952/videos/839570622723456,485
https://web.facebook.com/1404732279738458/photos/a.1405988876279465/1461208617424157,486
https://web.facebook.com/Lapalala-Wilderness-1404732279738458/photos/pcb.1482295668648785/1482293561982329,487
https://web.facebook.com/BushTimeatMabula/photos/a.546616048739151/572949379439151,488
https://www.instagram.com/p/BIvA4qohnnP/,489
https://web.facebook.com/izintabalodge/photos/pcb.1068506689840057/1068504659840260,490
https://web.facebook.com/izintabalodge/photos/a.284709178219816/647323751958355,491
https://web.facebook.com/izintabalodge/photos/pcb.1055951077762285/1055951057762287/,492
https://web.facebook.com/Pidwa.Wilderness.Reserve/photos/826602400702787,493
https://web.facebook.com/AlldaysWildlifeandCommunitiesResearchCentre/videos/440456226526049,494
https://www.instagram.com/p/Be9tb0XAlIq/,495
https://www.instagram.com/p/BaZxGmQFvsp/,496
https://web.facebook.com/PrimateandPredat0rProject/photos/a.169075613169566/982538578489928,497
https://web.facebook.com/PrimateandPredat0rProject/photos/a.169075613169566/2568160469927723,498
https://web.facebook.com/GVISouthAfricaLimpopo/photos/pcb.588507197976789/588506854643490,499
https://web.facebook.com/GVISouthAfricaLimpopo/videos/470512253109618,500
https://web.facebook.com/GVISouthAfricaLimpopo/photos/pcb.307919002702278/307916982702480/,501
https://web.facebook.com/GVISouthAfricaLimpopo/photos/pcb.310695262424652/310694532424725/,502
https://web.facebook.com/andrew.scholtz.18/posts/567450219963145,504
https://www.instagram.com/p/B3HOuB1AVOe/,506
https://web.facebook.com/photo/?fbid=10153051358845251&set=basw.AbrgYcPzd09JOhdIjUAlCSl0JmnUL0XQa2h-6ZLUPeSn-vJ6sZljTVV86_6cy6uTO6KjndrUQ2NMA_0pnUC8lDBCU8uR4qc5KQiyJTgk8BpkhXR4pX_9KSXA7bB9OBCU7g4fmeMcI9nlJ6HZhO0H0zgr8s-GXsfSuoWx17pZVA-Pag&opaqueCursor=AbqOLhSvrzsTO0bS2j98ofdB-HqqXUobiaG6PmbN1a5AW_S_LoqbajYyTRqmepJzNknFXteXOrMJ8lvnbH40Xb7Y1eRbcxbiyi6TsuRdJGCijYDz82NQR9mNBGYJtFMpruSmj-ubtSIHxXBJtafJmFpKQrUEtnF5or_Je1vS1DUy3DCW7QSHc7NYITn3lZkhko6Pjo-F9AyQMDxRfm6V3zlakCwmrTxrRCwTHzK4lgSnu0ia8cc0WBfEDKkhm5ydcsetjabo7buLfgibIc1zHqPTZ8vQiUnCsqZwab9gwi_Jw7IaAdCZKYvXpmfkYQXKmu8pYl1Hd1heXml2mhAfC6QOo2UUJTaLFh56ppEq-0rGBNWKn9KqIXjCPqnNJxOZrGJ38PVJDLNcoVbGl1GuXvZsP2DhvunY05iUaZffgQnfpxcX1eTJbAp7avn3wgpK97yl2mTwg-ULg2Ea7f5F6OXYJCOT1TX7A1-RTQTLfwH4stBazfN-nK0pTTY9SEmqId8u9wWGMCMqEqiFdyFBZrCdLzOHb5V7bao3HtS9dfT8mYiLFfiEzrDU1C4P4nCQe5aPxGl5vf01gDnJWQTTccSqDWrZFeIq-g_JGC4s98jwKVVpREmUj1cfeENtpR602nIvNH4YH-I_bEHZC_GCxHS0IInJ-HBH2SCmWLglOcO-SayN0m6GeoqL18Uu57bnSQOhPBc5pSAS1H491znX5F8S6qPDbnUMQFIQaMuepEWyO0UezGZrKb5EuHdZDQhIe3ckcvH_raVatWXh7tcy8a1EnCWqs1oU-VFXIlSdPcfjoBwRPhuu1lwW-tfBYzWSIC8LxtKvjntKFDGr3gc5WQHGIb1HWXtL1XGR1YH96UqZKhTS7QvO5uXHiUMhLnB7CleRQulx_NwuGGBnOEcJ3MS_VG4Vyj6XcNfxO52AUzuTzA,507
https://web.facebook.com/1277228825720856/videos/1300107393432999,508
https://web.facebook.com/JacisLodges/photos/a.159430807434180/579586128751977,509
https://web.facebook.com/purpleraingamebreeding/photos/a.1724568717770997/1904160266478507,510
https://web.facebook.com/mateyasafari/photos/a.218222781564958/218224144898155,511
https://web.facebook.com/mateyasafari/photos/a.178534598867110/528143597239540,512
https://web.facebook.com/mateyasafari/photos/a.170917662962137/170919436295293,513
https://web.facebook.com/mateyasafari/photos/a.170917662962137/275579165829319,514
https://web.facebook.com/mateyasafari/photos/a.178534598867110/633674590019773,515
https://www.mateyasafari.com/wp-content/uploads/2015/07/29Jan-14Feb-14-29.jpg,516
https://web.facebook.com/madikwesafaris/posts/835599149836565,517
https://web.facebook.com/MorukuruFamily/photos/a.307851279271494/554637554592864,518
https://web.facebook.com/MorukuruFamily/videos/391462970910324,519
https://www.instagram.com/p/Bz-AjWFgR-0/,520
https://www.facebook.com/LatestSightingsPilanesberg/videos/1439554982772708,521
https://www.instagram.com/p/1E7tbCIXGl/,522
https://www.instagram.com/p/B5zKobSggF9/,523
https://www.instagram.com/p/B6r5TGCpQPk/,524
https://web.facebook.com/353757147979401/photos/a.356047204417062/774354109253034,525
https://web.facebook.com/353757147979401/photos/a.356047204417062/560902547264859,526
https://web.facebook.com/353757147979401/photos/a.607901145898332/743709195650859,527
https://www.instagram.com/p/7IwRH7lGUQ/,528
https://www.instagram.com/p/BhKOwahA9Ow/,529
https://web.facebook.com/Ndakasafarilodge/photos/a.421089858018625/717607565033518/,530
https://web.facebook.com/333645500031099/photos/pb.100054555155182.-2207520000../1021735181222124/?type=3,531
https://www.instagram.com/p/BWdP26wgTcL/,532
https://web.facebook.com/photo/?fbid=1597071427172798&set=a.1380527022160574,533
https://web.facebook.com/thandasafari/photos/pcb.10153804626081483/10153804624891483/,534
https://web.facebook.com/christiansperkaphotography/photos/a.172659006104497/741160452587680,535
https://web.facebook.com/WhiteElephantSafaris/photos/a.135329393189530/1841670942555358/,536
https://web.facebook.com/UmPhafaReserve/photos/a.371691299522274/622749281083140,537
https://web.facebook.com/UmPhafaReserve/photos/a.371691299522274/908705582487507,538
https://web.facebook.com/UmPhafaReserve/photos/a.371691299522274/894188290605903,539
https://web.facebook.com/UmPhafaReserve/photos/pcb.927764883914910/927764197248312,540
https://web.facebook.com/UmPhafaReserve/photos/pcb.872860226072043/872859786072087/,541
https://web.facebook.com/UmPhafaReserve/photos/pcb.1613270498697675/1613267538697971,542
https://web.facebook.com/UmPhafaReserve/photos/pcb.2652210354803679/2652201644804550,543
https://web.facebook.com/WESSAKZN/photos/pcb.261744844330081/261744814330084/,544
https://web.facebook.com/rhinoriverlodge/photos/a.201730223186071/809928919032862/,545
https://web.facebook.com/mpetisafaris/photos/a.217434225363202/368247630281860/,546
https://www.facebook.com/photo/?fbid=10219451813227278&set=pcb.3104166839601416,547
https://web.facebook.com/photo/?fbid=10153936029323109&set=basw.AboliZFnkYWYwaOUwH9hDDitSLcixfkeWSvNNI7n2fKdsDCE3MqrlvwlfMVAStGT06HVkvs-SYBPU5BT4USLFZRz3FbIHu60lJ48Iha9tHzo2C0zXEbaYin6jwoG6ql3wmcce0CLfHnn1ud5jSiKHm5lvpq6GrkIHHzJ7dMxG7MkSg&opaqueCursor=Abq_uGYjNrN0dUDBUX04eqDkN4SzYc02uzhomPdv6muvG_cOrKC2zhjBAdDyq0tyiQC1G9G5MkCzGK9jFidWNdWe17P5sRcCw8vfGvyPrvMI6BjG0FZ3N5C3gIrG7DQn5cSMj8lQnpdYJ8xDUbEUYiSUMAwvvDVXi9rWS0f8bs61qbCIEhvr_XZH6xQ8-6Q3puxOyKrn2BDArUgxlVxtpKPIt6X5EhVvNHg_Jc6gPCpFkXqREiU6DxIfsS9PVFEwNStldVuT899cxOt9rnLnBpZqjrPGDqWwnO_YELXiBr1d1Wg-sS8be1Mu6NPE0gn1WmZuGrBgGqFWb0y8p-baWYhaFeYKx4Jg3jMWCPqy_KgpGJ-o3mdYPOIMG_I80431Ifgo5V5ObNiukqXz3NYDjLdgRSd6o0wF4dG1diEZ2PeEnf7JiA69O1U3xENgUrw5Dp4dGNEelvXIVV4poI7LXVEY-LMXp9WcZ0Ljgr3iUzeKchqTkwuLheDYdoi1DG4qnDlcFtTisWkw-BC9gaeAwmfiNFtz9s3O5HkOb2vGOFMw0Uxtgec5kghep624mvbhhvG0TKWO2f_Dpfb_mAOC-Nr8rO3_MeaFCX9weIULbz_SHnbUYBzTvGiBx3YVG_lqDRIPHO9RcKM2NCRwiu79T197F7yAB5B3f7ZI2ondsHmRAR-DSTrM6551Gm16LokyTevTp10bT8_6nMJzJ5RrPHvRaObdVzfltKWlix1R751akT_4496DJIOU-_Tm7sat2cmmAaX7XtLHqAT6qXWXkywLM-5caLnwEELsjq9rKq9bvYOZj0KVmRv6nOjgsARZJnJQHDKF5vUcR0evRUdIasPJjf9z7AiZY0ZQtwGfESUecJvQLZaNIMSa6XWoIXG8_gDcXdTSmGRb_d8uPD6MVU1ke1AHF85zIZtdxLtcJ8NDUONCsHy_uzQfvnRQHdqTNdvCwBmPZ771ltqRE2uLCA3RMjnY6Q96xZRznWhXFZEt9vtggw2YHOQksPR_DY-sU_X_dqbcDLeU98IpfsYk1pAhp4mWYwHT-9CM3hmRu5_g5LmBtgg8uCLUUModKX1_Q7d5QTcqiCCgDyaNPYpj5RfAqMqTkRgslQxJBDv14FeWUw-I0RAVoKoTIYm75eSLxoGgMuWU9sjKfUJo5f5Bun_8vLWS3IVFHKGXDlBkExtPx6N5f59zkqq59Fnu9rIAqUlmZ1f4UkjBHg4cfhCTBPulSL0e6hpmX20iGE1oe_DHEEnPPKwh-l0I5t9H9h0nJ2dvEWNuB5XqOFqu5DZLioJg,548
https://www.instagram.com/p/BXVMFnLAcqZObZK6KJc_SLdA_WwOFUJ5ngJsZ40/,549
https://www.instagram.com/p/BJgOiPOh7Xl/,550
https://web.facebook.com/TambotiBushLodge/photos/a.168359043328364/398449763652623/,551
https://web.facebook.com/DinokengReserve/photos/pcb.878544585521380/878543892188116/,552
https://web.facebook.com/ikhayalamadube/photos/a.10150982597651114/10150982598261114/,553
https://web.facebook.com/DinokengReserve/photos/1154198774622625,554
https://web.facebook.com/photo?fbid=10212661912560007&set=pcb.470781623259182,555
https://www.instagram.com/p/BVwYEj_H64v/,556
https://www.instagram.com/p/BPh7bvmjRtT/,557
https://www.instagram.com/p/B4N4w7QBT_s/,558
https://www.facebook.com/photo.php?fbid=10156534011773199&set=pb.525998198.-2207520000..&type=3,559
https://www.facebook.com/ingervandyke.photojournalist.expeditionleader/photos/10157442734843374,560
https://www.facebook.com/photo.php?fbid=268468286558591&set=pb.100001862655759.-2207520000..&type=3,561
https://www.instagram.com/p/ByMsIuaHJoN/,562
https://www.instagram.com/p/BFhFxrem_rT/,563
https://www.instagram.com/p/Bp_TB__hnJm/,564
https://www.facebook.com/chrisbrayphotography/photos/10160541597105015,565
https://www.instagram.com/p/BLiZ2_aAObS/,566
https://web.facebook.com/132981872697/photos/a.221951467697/10152473475642698,568
https://web.facebook.com/MashatuGameReserve/photos/a.357262851029478/359145500841213/,569
https://web.facebook.com/profile/548392875/search/?q=aardvark,570
https://web.facebook.com/TheLodgeatFelineFields/photos/1032596600166395,572
https://web.facebook.com/MassonSafaris/photos/247532908986852,573
https://web.facebook.com/WeAreWilderness/photos/pcb.2419346211459013/2419343664792601/,574
https://www.instagram.com/p/BmIE-Aljo3O/,576
https://www.instagram.com/p/BkWmIeVHeKI/,577
https://www.instagram.com/p/BayZVVHDaqZ/,578
https://www.instagram.com/p/sqxVfGjg0c/,579
https://www.instagram.com/p/BXN4F4Kl3Ud/,581
https://www.instagram.com/p/BcRHjNvFIjy/,582
https://www.facebook.com/anjagrobelphotography/photos/o.240201502804139/1310007705678158,583
https://web.facebook.com/packsafari/photos/322244017921111,584
https://www.instagram.com/p/BHwREtxh1xa/,585
https://www.instagram.com/p/B1uOnJVgxxV/,586
https://www.instagram.com/p/BzYlE2Fl5tw/,587
https://www.instagram.com/p/BXCwyihnY11/,588
https://www.instagram.com/p/BAZyHPmHXR2/,589
https://www.instagram.com/p/BxiQv3GFFM7/,590
https://www.instagram.com/p/B01EoIWHuoC/,591
https://www.instagram.com/p/BujZvF9ncgx/,592
https://www.instagram.com/p/Bnyv6hcBBwX/,593
https://www.instagram.com/p/BgeAGCjjipX/,594
https://web.facebook.com/naankuse/photos/a.127084714770/10154871127779771,595
https://web.facebook.com/naankuse/photos/a.127084714770/10152582208189771vi,596
https://www.facebook.com/photo?fbid=10155439857800120&set=gm.488304641513639,597
https://web.facebook.com/ilya.raskin/posts/2739193882766079,598
https://web.facebook.com/photo?fbid=517357349071947&set=gm.2011956302239344,599
https://web.facebook.com/photo/?fbid=491658747513515&set=a.489619194384137,600
https://web.facebook.com/photo/?fbid=10219478518454282&set=pcb.10219478519054297,601
https://web.facebook.com/photo/?fbid=10155898457723427&set=p.10155898457723427,602
https://web.facebook.com/HuntingConsortium/photos/a.138244482871085/609994059029456,603
https://www.instagram.com/p/BfkdCArFoI3/,604
https://www.instagram.com/p/BXNKbl9lleO/,605
https://www.facebook.com/Kleeberglodgeandgame/photos/pcb.386515701990863/386515631990870,606
https://www.instagram.com/p/BxzOAFQlae7/,607
https://www.instagram.com/p/BhkQmEyDBdP/,608
https://www.instagram.com/p/CGhDSAunUqd/,609
"https://www.instagram.com/p/_bbnl8BBf5/,",610
https://www.instagram.com/p/B3hl8aZp47_/,611
https://www.facebook.com/225420677391/photos/pb.100050571485978.-2207520000../10154394855312392/?type=3,612
https://www.facebook.com/225420677391/photos/pb.100050571485978.-2207520000../10154432489842392/?type=3,613
https://www.facebook.com/225420677391/photos/pb.100050571485978.-2207520000../10157003785362392/?type=3,614
https://www.instagram.com/p/BYeAoF3lzMi/,615
https://www.instagram.com/p/BlTOCV4BKw9/,616
https://web.facebook.com/photo/?fbid=1587857614565752&set=pb.100000245855472.-2207520000..,617
https://web.facebook.com/photo.php?fbid=1563073900377457&set=pb.100000245855472.-2207520000..&type=3,618
https://web.facebook.com/photo/?fbid=1066360116715507&set=a.101512536533608,619
https://www.facebook.com/photo?fbid=10155958577750693&set=a.10155958558795693,620
https://web.facebook.com/Mount-Etjo-Safari-Lodge-125569410817274/photos/625824967458380,621
https://web.facebook.com/Mount-Etjo-Safari-Lodge-125569410817274/photos/426272990746913,622
https://web.facebook.com/NamWild/photos/1111452412249123,623
https://web.facebook.com/GabusGameRanch/photos/a.299166516792570/2928041283905067,624
https://web.facebook.com/astrobert/photos/a.1823637197949721/1855024964810944,625
https://www.instagram.com/p/BY8gRdMBZ-v/,626
https://web.facebook.com/AfricanImpactSAConservation/posts/1845740905490557,627
https://web.facebook.com/CawstonWildlifeEstate/photos/1874298896222606,628
https://web.facebook.com/RhinoSafariCamp/photos/1601394716593222,629
https://web.facebook.com/137380929789293/photos/pb.100057340995861.-2207520000../842221765971869/?type=3,630
https://web.facebook.com/imire.zimbabwe/photos/a.317468488351938/317468558351931,631
https://web.facebook.com/WeAreWilderness/photos/a.362118663848455/789095001150817,632
https://web.facebook.com/singita.gamereserves/photos/a.126888940679336/1827015657333314,633
https://web.facebook.com/singita.gamereserves/photos/a.126888940679336/1139287086106178,634
https://web.facebook.com/AWARETrustZimbabwe/photos/bc.AboOcuWeZlKucMjifoH7tVDDigi5cIJaRaWBVxhTV08GJ9ZsMhuenKg6pAOrKVJF7-pWmMJELtecjCcAOnvoPkbmqRhM-ErD8TM6uvcF7U4P-2KX88t6U6W5N2JMSmNUnB9p07yasqy2xGMw-3tSi_-1JAZAwBvEia-CBvebcalRog/208489469204451/?opaqueCursor=AboDSTswYzwn5ICLC0kUhKStEWjmyXZV5ZrjSnbYbpmA_8GkWD93WUsMUcswPX4bLBlpVIC8WbgAIytLBTHB_uorYnZ1NOHFeaYDfARW02qjmIvIVIqIy6vU4YFrpHKjXtjwQ-vWYmjJ3cwLWQOPO55i_NGCgcEvE5O9G2ZVq9FWt7c9CvxUd8DXw5QpkPtL3XDP-ZeCGl8e1kiuLcJMkynF0ZMfvWxHiL_t9ws_XPrB4WFoFjZ6OHdITfaI0DsmN_56-0l50UCjDnhCW5Tdam9CoS5y-lNjAs3vdtZkMSTTHiz5suWxBtDfLW5pl_SOJdKIpULjUy8E3fpOkfwUdVw6DR0uDIBhPoPNmuFO1KQ-5gSClAePKYmZzyXat-OQpR9iFdBTcdTjkNHVklXFju7BBm-_j0keRGVWEBy_nr4foxqP1Kx631q7r4EOigA3UCMlsKqKk5oxCyEGFDxHaOxPt9BbmY-43c0Sk024hzArpY6C7gQl5cbw4TFfcZ48luSBRpIzkbHyYsOs6K3H_O5fcMkkQcURpr2tQH4HN-VRztp-1uPysCKvXV1YtcJf3K2gKAakGkhVclNrG2z_qQhznHfPLYe6jDOmbze8MpeHN7DlEMYS9oyTDchKs4VRIlponaLzQ91V12uGCqrDTTwztiMuSglu_40SBCPXEIDgpQMCbJyICYzgwc84KZkYziYeUDzrdVlcF1O-aA-YM_Wm,635
https://web.facebook.com/330213590412871/photos/pb.100063546522120.-2207520000../1185349724899249/?type=3,636
https://www.instagram.com/p/Bk0gRrGH8bS/,637
https://web.facebook.com/330213590412871/photos/pb.100063546522120.-2207520000../1873475756086639/?type=3,638
https://web.facebook.com/330213590412871/photos/pb.100063546522120.-2207520000../1455979064502979/?type=3,639
https://web.facebook.com/330213590412871/photos/pb.100063546522120.-2207520000../1203084903125731/?type=3,640
https://web.facebook.com/BushcampCo/photos/a.498192642903/10154721078852904,641
https://web.facebook.com/BushcampCo/posts/10153923211992904,642
https://web.facebook.com/BushcampCo/photos/a.498192642903/10151587624657904,643
https://web.facebook.com/BushcampCo/photos/a.498192642903/10154159907272904,644
https://web.facebook.com/BushcampCo/photos/a.498192642903/10153518822812904,646
https://web.facebook.com/BushcampCo/posts/10155528033432904,647
https://web.facebook.com/BushcampCo/posts/10157447621382904,648
https://web.facebook.com/EdwardSelfePhotoSafaris/photos/a.338170679641933/780337405425256,649
https://web.facebook.com/Flatdogsfamily/photos/a.167073826658738/620388424660607/,650
https://web.facebook.com/robinpopesafaris/photos/a.212878892100961/1056449144410594,651
https://web.facebook.com/KasonsoProject/photos/a.1760887960870860/1760888004204189,652
https://web.facebook.com/KasonsoProject/photos/a.1608912536068404/1869026853390303,653
https://www.instagram.com/p/BIp_echh7HC/,654
https://web.facebook.com/robinpopesafaris/photos/a.212878892100961/244612775594239,655
https://web.facebook.com/138872853127312/photos/a.138889063125691/170025010012096,656
https://www.instagram.com/p/BjpZWomnjxN/,657
https://www.instagram.com/p/BWj-tUslrNP/,658
https://web.facebook.com/MajeteWildlifeReserve/photos/2465449223539482,659
https://web.facebook.com/MajeteWildlifeReserve/photos/603416776409412,660
https://web.facebook.com/MajeteWildlifeReserve/photos/428806290537129,661
https://web.facebook.com/CarnivoreResearchMalawi/photos/pcb.1146791682016689/1146789528683571/,662
https://web.facebook.com/CarnivoreResearchMalawi/photos/pcb.1375842729111582/1375842112444977,663
https://web.facebook.com/niassalionproject/photos/a.270986459606144/2576695102368590,664
https://web.facebook.com/niassalionproject/photos/a.270986459606144/1017254948312621,665
https://web.facebook.com/niassalionproject/photos/pcb.810319985672786/810319932339458/,666
https://www.instagram.com/p/BcBcKtDg0ug/,667